SMILES,num_steps,rxn_order_first_to_last,reactants,BuildingBlocks,catalogName_for_BuildingBlock
CN(C)C(CNC(=O)C1=CC=CC(=C1)C#N)C2=CC3=CC=CC=C3O2,0,[],[],['CN(C)C(CNC(=O)c1cccc(C#N)c1)c1cc2ccccc2o1'],"['molport', 'mcule']"
CN(C)C(CNC(=O)C1=CC=CC(=C1)C#N)C2=CC3=CC=CC=C3O2,2,"['Reductive amination', 'Amidation']","[('N#Cc1cccc(C(=O)NCC(=O)c2cc3ccccc3o2)c1', 'CNC'), ('NCC(=O)c1cc2ccccc2o1', 'N#Cc1cccc(C(=O)O)c1')]","['CN(C)C(CNC(=O)c1cccc(C#N)c1)c1cc2ccccc2o1', None, 'NCC(=O)c1cc2ccccc2o1', 'N#Cc1cccc(C(=O)O)c1', 'CNC']","['molport', 'mcule', 'mcule', 'mcule', 'enamine_bb', 'generic', 'molport', 'enamine_bb', 'mcule', 'molport', 'generic']"
CN(C)C(CNC(=O)C1=CC=CC(=C1)C#N)C2=CC3=CC=CC=C3O2,2,"['Amide Schotten-Baumann with amine', 'Reductive amination']","[('N#Cc1cccc(C(=O)Cl)c1', 'CN(C)C(CN)c1cc2ccccc2o1'), ('NCC(=O)c1cc2ccccc2o1', 'CNC')]","['NCC(=O)c1cc2ccccc2o1', 'N#Cc1cccc(C(=O)Cl)c1', 'CN(C)C(CNC(=O)c1cccc(C#N)c1)c1cc2ccccc2o1', None, 'CNC']","['mcule', 'molport', 'mcule', 'generic', 'enamine_bb', 'molport', 'mcule', 'enamine_bb', 'mcule', 'molport', 'generic']"
CN(C)C(CNC(=O)C1=CC=CC(=C1)C#N)C2=CC3=CC=CC=C3O2,2,"['Reductive amination', 'Amide Schotten-Baumann with amine']","[('N#Cc1cccc(C(=O)NCC(=O)c2cc3ccccc3o2)c1', 'CNC'), ('NCC(=O)c1cc2ccccc2o1', 'N#Cc1cccc(C(=O)Cl)c1')]","['CN(C)C(CNC(=O)c1cccc(C#N)c1)c1cc2ccccc2o1', 'NCC(=O)c1cc2ccccc2o1', 'N#Cc1cccc(C(=O)Cl)c1', None, 'CNC']","['molport', 'mcule', 'mcule', 'molport', 'mcule', 'generic', 'enamine_bb', 'enamine_bb', 'mcule', 'molport', 'generic']"
CN(C)C(CNC(=O)C1=CC=CC(=C1)C#N)C2=CC3=CC=CC=C3O2,2,"['Amidation', 'Reductive amination']","[('N#Cc1cccc(C(=O)O)c1', 'CN(C)C(CN)c1cc2ccccc2o1'), ('NCC(=O)c1cc2ccccc2o1', 'CNC')]","['N#Cc1cccc(C(=O)O)c1', 'NCC(=O)c1cc2ccccc2o1', 'CN(C)C(CNC(=O)c1cccc(C#N)c1)c1cc2ccccc2o1', 'CNC', None]","['mcule', 'enamine_bb', 'generic', 'molport', 'mcule', 'molport', 'mcule', 'enamine_bb', 'mcule', 'molport', 'generic']"
CN(C)C(CNC(=O)C1=CC=CC(=C1)C#N)C2=CC3=CC=CC=C3O2,3,"['Reductive amination', 'Reductive amination', 'Amidation']","[('CNC(CNC(=O)c1cccc(C#N)c1)c1cc2ccccc2o1', 'C=O'), ('N#Cc1cccc(C(=O)NCC(=O)c2cc3ccccc3o2)c1', 'CN'), ('NCC(=O)c1cc2ccccc2o1', 'N#Cc1cccc(C(=O)O)c1')]","['NCC(=O)c1cc2ccccc2o1', 'CN', 'C=O', None, 'N#Cc1cccc(C(=O)O)c1', 'CN(C)C(CNC(=O)c1cccc(C#N)c1)c1cc2ccccc2o1', None]","['mcule', 'molport', 'generic', 'mcule', 'generic', 'mcule', 'molport', 'mcule', 'enamine_bb', 'generic', 'molport', 'molport', 'mcule']"
CN(C)C(CNC(=O)C1=CC=CC(=C1)C#N)C2=CC3=CC=CC=C3O2,3,"['Reductive amination', 'Reductive amination', 'Amide Schotten-Baumann with amine']","[('CNC(CNC(=O)c1cccc(C#N)c1)c1cc2ccccc2o1', 'C=O'), ('N#Cc1cccc(C(=O)NCC(=O)c2cc3ccccc3o2)c1', 'CN'), ('NCC(=O)c1cc2ccccc2o1', 'N#Cc1cccc(C(=O)Cl)c1')]","[None, 'NCC(=O)c1cc2ccccc2o1', 'N#Cc1cccc(C(=O)Cl)c1', 'C=O', 'CN(C)C(CNC(=O)c1cccc(C#N)c1)c1cc2ccccc2o1', 'CN', None]","['mcule', 'molport', 'mcule', 'generic', 'enamine_bb', 'generic', 'mcule', 'molport', 'molport', 'mcule', 'molport', 'generic', 'mcule']"
CN(C)C(CNC(=O)C1=CC=CC(=C1)C#N)C2=CC3=CC=CC=C3O2,3,"['Reductive amination', 'Amidation', 'Reductive amination']","[('CNC(CNC(=O)c1cccc(C#N)c1)c1cc2ccccc2o1', 'C=O'), ('N#Cc1cccc(C(=O)O)c1', 'CNC(CN)c1cc2ccccc2o1'), ('NCC(=O)c1cc2ccccc2o1', 'CN')]","['CN(C)C(CNC(=O)c1cccc(C#N)c1)c1cc2ccccc2o1', 'CN', None, 'N#Cc1cccc(C(=O)O)c1', None, 'NCC(=O)c1cc2ccccc2o1', 'C=O']","['molport', 'mcule', 'molport', 'generic', 'mcule', 'mcule', 'enamine_bb', 'generic', 'molport', 'mcule', 'generic', 'mcule', 'molport']"
CC1=NN=C2SC(=NN12)C3=CC=CC(NC(=O)CC4=CC=CC=C4)=C3,0,[],[],['Cc1nnc2sc(-c3cccc(NC(=O)Cc4ccccc4)c3)nn12'],"['molport', 'mcule', 'mcule_ultimate']"
CC1=NN=C2SC(=NN12)C3=CC=CC(NC(=O)CC4=CC=CC=C4)=C3,1,['Amide Schotten-Baumann with amine'],"[('O=C(Cl)Cc1ccccc1', 'Cc1nnc2sc(-c3cccc(N)c3)nn12')]","['Cc1nnc2sc(-c3cccc(N)c3)nn12', 'Cc1nnc2sc(-c3cccc(NC(=O)Cc4ccccc4)c3)nn12', 'O=C(Cl)Cc1ccccc1']","['mcule', 'molport', 'molport', 'mcule', 'mcule_ultimate', 'mcule', 'molport', 'generic', 'enamine_bb']"
CC1=NN=C2SC(=NN12)C3=CC=CC(NC(=O)CC4=CC=CC=C4)=C3,1,['Amidation'],"[('O=C(O)Cc1ccccc1', 'Cc1nnc2sc(-c3cccc(N)c3)nn12')]","['O=C(O)Cc1ccccc1', 'Cc1nnc2sc(-c3cccc(N)c3)nn12', 'Cc1nnc2sc(-c3cccc(NC(=O)Cc4ccccc4)c3)nn12']","['mcule', 'mcule', 'molport', 'molport', 'mcule', 'mcule_ultimate']"
CCOC(=O)C1=C(NC2=CC=CC=C2)N(C=N1)C3=CC=CC=C3,1,['Buchwald-Hartwig amination'],"[('O=S(=O)(Oc1ccccc1)C(F)(F)F', 'CCOC(=O)c1ncn(-c2ccccc2)c1N')]","['O=S(=O)(Oc1ccccc1)C(F)(F)F', 'CCOC(=O)c1ncn(-c2ccccc2)c1N', None]","['mcule', 'molport', 'mcule']"
CCOC(=O)C1=C(NC2=CC=CC=C2)N(C=N1)C3=CC=CC=C3,1,['Buchwald-Hartwig amination'],"[('Ic1ccccc1', 'CCOC(=O)c1ncn(-c2ccccc2)c1N')]","['CCOC(=O)c1ncn(-c2ccccc2)c1N', 'Ic1ccccc1', None]","['mcule', 'enamine_bb', 'molport', 'mcule', 'generic']"
CCOC(=O)C1=C(NC2=CC=CC=C2)N(C=N1)C3=CC=CC=C3,1,['Buchwald-Hartwig amination'],"[('CCOC(=O)c1ncn(-c2ccccc2)c1N', 'Brc1ccccc1')]","['Brc1ccccc1', None, 'CCOC(=O)c1ncn(-c2ccccc2)c1N']","['generic', 'mcule', 'molport', 'enamine_bb', 'mcule']"
CCOC(=O)C1=C(NC2=CC=CC=C2)N(C=N1)C3=CC=CC=C3,1,['Buchwald-Hartwig amination'],"[('Clc1ccccc1', 'CCOC(=O)c1ncn(-c2ccccc2)c1N')]","['Clc1ccccc1', 'CCOC(=O)c1ncn(-c2ccccc2)c1N', None]","['mcule', 'molport', 'enamine_bb', 'generic', 'mcule']"
CC1=CC=CC(NC(=O)CCOC2=CC=CC(Cl)=C2Cl)=C1C(=O)N3CCCC3,1,['Amidation'],"[('O=C(O)CCOc1cccc(Cl)c1Cl', 'Cc1cccc(N)c1C(=O)N1CCCC1')]","['O=C(O)CCOc1cccc(Cl)c1Cl', 'Cc1cccc(N)c1C(=O)N1CCCC1', None]","['mcule', 'enamine_bb', 'mcule', 'enamine_bb']"
CC1=CC=CC(NC(=O)CCOC2=CC=CC(Cl)=C2Cl)=C1C(=O)N3CCCC3,2,"['Buchwald-Hartwig (thio)etherification', 'Amidation']","[('Clc1cccc(I)c1Cl', 'Cc1cccc(NC(=O)CCO)c1C(=O)N1CCCC1'), ('O=C(O)CCO', 'Cc1cccc(N)c1C(=O)N1CCCC1')]","['Clc1cccc(I)c1Cl', 'Cc1cccc(N)c1C(=O)N1CCCC1', None, 'O=C(O)CCO', None]","['enamine_bb', 'mcule', 'generic', 'molport', 'mcule', 'enamine_bb', 'mcule', 'generic', 'enamine_bb', 'molport']"
CC1=CC=CC(NC(=O)CCOC2=CC=CC(Cl)=C2Cl)=C1C(=O)N3CCCC3,2,"['Amidation', 'Amidation']","[('Cc1cccc(NC(=O)CCOc2cccc(Cl)c2Cl)c1C(=O)O', 'C1CCNC1'), ('O=C(O)CCOc1cccc(Cl)c1Cl', 'Cc1cccc(N)c1C(=O)O')]","['C1CCNC1', None, 'O=C(O)CCOc1cccc(Cl)c1Cl', None, 'Cc1cccc(N)c1C(=O)O']","['enamine_bb', 'generic', 'mcule', 'molport', 'mcule', 'enamine_bb', 'enamine_bb', 'molport', 'mcule', 'generic']"
CC1=CC=CC(NC(=O)CCOC2=CC=CC(Cl)=C2Cl)=C1C(=O)N3CCCC3,2,"['Buchwald-Hartwig (thio)etherification', 'Amidation']","[('Clc1cccc(Br)c1Cl', 'Cc1cccc(NC(=O)CCO)c1C(=O)N1CCCC1'), ('O=C(O)CCO', 'Cc1cccc(N)c1C(=O)N1CCCC1')]","[None, None, 'Cc1cccc(N)c1C(=O)N1CCCC1', 'Clc1cccc(Br)c1Cl', 'O=C(O)CCO']","['mcule', 'enamine_bb', 'molport', 'generic', 'mcule', 'enamine_bb', 'mcule', 'generic', 'enamine_bb', 'molport']"
CC1=CC=CC(NC(=O)CCOC2=CC=CC(Cl)=C2Cl)=C1C(=O)N3CCCC3,3,"['Buchwald-Hartwig (thio)etherification', 'Amidation', 'Amidation']","[('Clc1cccc(I)c1Cl', 'Cc1cccc(NC(=O)CCO)c1C(=O)N1CCCC1'), ('Cc1cccc(NC(=O)CCO)c1C(=O)O', 'C1CCNC1'), ('O=C(O)CCO', 'Cc1cccc(N)c1C(=O)O')]","['O=C(O)CCO', None, None, 'Cc1cccc(N)c1C(=O)O', 'Clc1cccc(I)c1Cl', 'C1CCNC1', None]","['mcule', 'generic', 'enamine_bb', 'molport', 'enamine_bb', 'molport', 'mcule', 'generic', 'enamine_bb', 'mcule', 'generic', 'molport', 'enamine_bb', 'generic', 'mcule', 'molport']"
CC1=CC=CC(NC(=O)CCOC2=CC=CC(Cl)=C2Cl)=C1C(=O)N3CCCC3,3,"['Buchwald-Hartwig (thio)etherification', 'Amidation', 'Amidation']","[('Clc1cccc(Br)c1Cl', 'Cc1cccc(NC(=O)CCO)c1C(=O)N1CCCC1'), ('Cc1cccc(NC(=O)CCO)c1C(=O)O', 'C1CCNC1'), ('O=C(O)CCO', 'Cc1cccc(N)c1C(=O)O')]","['Cc1cccc(N)c1C(=O)O', None, 'Clc1cccc(Br)c1Cl', 'C1CCNC1', None, 'O=C(O)CCO', None]","['enamine_bb', 'molport', 'mcule', 'generic', 'molport', 'generic', 'mcule', 'enamine_bb', 'enamine_bb', 'generic', 'mcule', 'molport', 'mcule', 'generic', 'enamine_bb', 'molport']"
CC1=CC=CC(NC(=O)CCOC2=CC=CC(Cl)=C2Cl)=C1C(=O)N3CCCC3,3,"['Amidation', 'Buchwald-Hartwig (thio)etherification', 'Amidation']","[('Cc1cccc(NC(=O)CCOc2cccc(Cl)c2Cl)c1C(=O)O', 'C1CCNC1'), ('Clc1cccc(I)c1Cl', 'Cc1cccc(NC(=O)CCO)c1C(=O)O'), ('O=C(O)CCO', 'Cc1cccc(N)c1C(=O)O')]","['O=C(O)CCO', None, None, 'Clc1cccc(I)c1Cl', 'C1CCNC1', None, 'Cc1cccc(N)c1C(=O)O']","['mcule', 'generic', 'enamine_bb', 'molport', 'enamine_bb', 'mcule', 'generic', 'molport', 'enamine_bb', 'generic', 'mcule', 'molport', 'enamine_bb', 'molport', 'mcule', 'generic']"
CC1=CC=CC(NC(=O)CCOC2=CC=CC(Cl)=C2Cl)=C1C(=O)N3CCCC3,3,"['Amidation', 'Buchwald-Hartwig (thio)etherification', 'Amidation']","[('Cc1cccc(NC(=O)CCOc2cccc(Cl)c2Cl)c1C(=O)O', 'C1CCNC1'), ('Clc1cccc(Br)c1Cl', 'Cc1cccc(NC(=O)CCO)c1C(=O)O'), ('O=C(O)CCO', 'Cc1cccc(N)c1C(=O)O')]","[None, 'Cc1cccc(N)c1C(=O)O', None, 'O=C(O)CCO', 'Clc1cccc(Br)c1Cl', 'C1CCNC1', None]","['enamine_bb', 'molport', 'mcule', 'generic', 'mcule', 'generic', 'enamine_bb', 'molport', 'molport', 'generic', 'mcule', 'enamine_bb', 'enamine_bb', 'generic', 'mcule', 'molport']"
COC(=O)C1=CC=CC2=C1N=C(N3CCN(C4=CC(F)=CC=C4)C(=O)C3)S2,1,['N-nucleophilic aromatic substitution'],"[('O=C1CNCCN1c1cccc(F)c1', 'COC(=O)c1cccc2sc(Cl)nc12')]","['O=C1CNCCN1c1cccc(F)c1', 'COC(=O)c1cccc2sc(Cl)nc12', None]","['mcule', 'enamine_bb', 'molport', 'enamine_bb', 'mcule']"
COC(=O)C1=CC=CC2=C1N=C(N3CCN(C4=CC(F)=CC=C4)C(=O)C3)S2,1,['N-nucleophilic aromatic substitution'],"[('O=C1CNCCN1c1cccc(F)c1', 'COC(=O)c1cccc2sc(Br)nc12')]","['COC(=O)c1cccc2sc(Br)nc12', None, 'O=C1CNCCN1c1cccc(F)c1']","['molport', 'mcule', 'mcule', 'enamine_bb']"
COC(=O)C1=CC=CC2=C1N=C(N3CCN(C4=CC(F)=CC=C4)C(=O)C3)S2,1,['Buchwald-Hartwig amination'],"[('O=C1CNCCN1c1cccc(F)c1', 'COC(=O)c1cccc2sc(Cl)nc12')]","['O=C1CNCCN1c1cccc(F)c1', 'COC(=O)c1cccc2sc(Cl)nc12', None]","['mcule', 'enamine_bb', 'molport', 'enamine_bb', 'mcule']"
COC(=O)C1=CC=CC2=C1N=C(N3CCN(C4=CC(F)=CC=C4)C(=O)C3)S2,1,['Buchwald-Hartwig amination'],"[('O=C1CNCCN1c1cccc(F)c1', 'COC(=O)c1cccc2sc(Br)nc12')]","['COC(=O)c1cccc2sc(Br)nc12', None, 'O=C1CNCCN1c1cccc(F)c1']","['molport', 'mcule', 'mcule', 'enamine_bb']"
COC(=O)C1=CC=CC2=C1N=C(N3CCN(C4=CC(F)=CC=C4)C(=O)C3)S2,3,"['Amidation', 'N-nucleophilic aromatic substitution', 'Buchwald-Hartwig amination']","[('COC(=O)c1cccc2sc(N(CCNc3cccc(F)c3)CC(=O)O)nc12',), ('O=C(O)CNCCNc1cccc(F)c1', 'COC(=O)c1cccc2sc(Cl)nc12'), ('O=S(=O)(Oc1cccc(F)c1)C(F)(F)F', 'NCCNCC(=O)O')]","[None, 'NCCNCC(=O)O', 'O=S(=O)(Oc1cccc(F)c1)C(F)(F)F', 'COC(=O)c1cccc2sc(Cl)nc12', None, None]","['generic', 'enamine_bb', 'molport', 'mcule', 'mcule', 'molport', 'molport', 'enamine_bb', 'mcule']"
COC(=O)C1=CC=CC2=C1N=C(N3CCN(C4=CC(F)=CC=C4)C(=O)C3)S2,3,"['Amidation', 'N-nucleophilic aromatic substitution', 'Buchwald-Hartwig amination']","[('COC(=O)c1cccc2sc(N(CCNc3cccc(F)c3)CC(=O)O)nc12',), ('O=C(O)CNCCNc1cccc(F)c1', 'COC(=O)c1cccc2sc(Cl)nc12'), ('NCCNCC(=O)O', 'Fc1cccc(I)c1')]","['Fc1cccc(I)c1', None, None, 'COC(=O)c1cccc2sc(Cl)nc12', 'NCCNCC(=O)O', None]","['mcule', 'generic', 'molport', 'enamine_bb', 'molport', 'enamine_bb', 'mcule', 'generic', 'enamine_bb', 'molport', 'mcule']"
COC(=O)C1=CC=CC2=C1N=C(N3CCN(C4=CC(F)=CC=C4)C(=O)C3)S2,3,"['Amidation', 'N-nucleophilic aromatic substitution', 'Buchwald-Hartwig amination']","[('COC(=O)c1cccc2sc(N(CCNc3cccc(F)c3)CC(=O)O)nc12',), ('O=C(O)CNCCNc1cccc(F)c1', 'COC(=O)c1cccc2sc(Cl)nc12'), ('NCCNCC(=O)O', 'Fc1cccc(Br)c1')]","['Fc1cccc(Br)c1', None, 'COC(=O)c1cccc2sc(Cl)nc12', None, 'NCCNCC(=O)O', None]","['mcule', 'enamine_bb', 'molport', 'generic', 'molport', 'enamine_bb', 'mcule', 'generic', 'enamine_bb', 'molport', 'mcule']"
COC(=O)C1=CC=CC2=C1N=C(N3CCN(C4=CC(F)=CC=C4)C(=O)C3)S2,3,"['Amidation', 'Buchwald-Hartwig amination', 'N-nucleophilic aromatic substitution']","[('COC(=O)c1cccc2sc(N(CCNc3cccc(F)c3)CC(=O)O)nc12',), ('O=S(=O)(Oc1cccc(F)c1)C(F)(F)F', 'COC(=O)c1cccc2sc(N(CCN)CC(=O)O)nc12'), ('NCCNCC(=O)O', 'COC(=O)c1cccc2sc(Cl)nc12')]","[None, 'O=S(=O)(Oc1cccc(F)c1)C(F)(F)F', 'COC(=O)c1cccc2sc(Cl)nc12', None, None, 'NCCNCC(=O)O']","['mcule', 'molport', 'molport', 'enamine_bb', 'mcule', 'generic', 'enamine_bb', 'molport', 'mcule']"
COC(=O)C1=CC=CC2=C1N=C(N3CCN(C4=CC(F)=CC=C4)C(=O)C3)S2,3,"['Amidation', 'Buchwald-Hartwig amination', 'N-nucleophilic aromatic substitution']","[('COC(=O)c1cccc2sc(N(CCNc3cccc(F)c3)CC(=O)O)nc12',), ('Fc1cccc(I)c1', 'COC(=O)c1cccc2sc(N(CCN)CC(=O)O)nc12'), ('NCCNCC(=O)O', 'COC(=O)c1cccc2sc(Cl)nc12')]","['COC(=O)c1cccc2sc(Cl)nc12', None, None, 'NCCNCC(=O)O', 'Fc1cccc(I)c1', None]","['molport', 'enamine_bb', 'mcule', 'generic', 'enamine_bb', 'molport', 'mcule', 'mcule', 'generic', 'molport', 'enamine_bb']"
COC(=O)C1=CC=CC2=C1N=C(N3CCN(C4=CC(F)=CC=C4)C(=O)C3)S2,3,"['Amidation', 'Buchwald-Hartwig amination', 'N-nucleophilic aromatic substitution']","[('COC(=O)c1cccc2sc(N(CCNc3cccc(F)c3)CC(=O)O)nc12',), ('Fc1cccc(Br)c1', 'COC(=O)c1cccc2sc(N(CCN)CC(=O)O)nc12'), ('NCCNCC(=O)O', 'COC(=O)c1cccc2sc(Cl)nc12')]","['Fc1cccc(Br)c1', None, 'COC(=O)c1cccc2sc(Cl)nc12', 'NCCNCC(=O)O', None, None]","['mcule', 'enamine_bb', 'molport', 'generic', 'molport', 'enamine_bb', 'mcule', 'generic', 'enamine_bb', 'molport', 'mcule']"
COC(=O)C1=CC=CC2=C1N=C(N3CCN(C4=CC(F)=CC=C4)C(=O)C3)S2,3,"['Amidation', 'Buchwald-Hartwig amination', 'Buchwald-Hartwig amination']","[('COC(=O)c1cccc2sc(N(CCNc3cccc(F)c3)CC(=O)O)nc12',), ('O=S(=O)(Oc1cccc(F)c1)C(F)(F)F', 'COC(=O)c1cccc2sc(N(CCN)CC(=O)O)nc12'), ('NCCNCC(=O)O', 'COC(=O)c1cccc2sc(Br)nc12')]","['COC(=O)c1cccc2sc(Br)nc12', 'O=S(=O)(Oc1cccc(F)c1)C(F)(F)F', None, None, None, 'NCCNCC(=O)O']","['molport', 'mcule', 'mcule', 'molport', 'generic', 'enamine_bb', 'molport', 'mcule']"
COC(=O)C1=CC=CC2=C1N=C(N3CCN(C4=CC(F)=CC=C4)C(=O)C3)S2,3,"['Amidation', 'N-nucleophilic aromatic substitution', 'Buchwald-Hartwig amination']","[('COC(=O)c1cccc2sc(N(CCNc3cccc(F)c3)CC(=O)O)nc12',), ('O=C(O)CNCCNc1cccc(F)c1', 'COC(=O)c1cccc2sc(Br)nc12'), ('O=S(=O)(Oc1cccc(F)c1)C(F)(F)F', 'NCCNCC(=O)O')]","['NCCNCC(=O)O', None, 'COC(=O)c1cccc2sc(Br)nc12', None, 'O=S(=O)(Oc1cccc(F)c1)C(F)(F)F', None]","['generic', 'enamine_bb', 'molport', 'mcule', 'molport', 'mcule', 'mcule', 'molport']"
COC(=O)C1=CC=CC2=C1N=C(N3CCN(C4=CC(F)=CC=C4)C(=O)C3)S2,3,"['Amidation', 'N-nucleophilic aromatic substitution', 'Buchwald-Hartwig amination']","[('COC(=O)c1cccc2sc(N(CCNc3cccc(F)c3)CC(=O)O)nc12',), ('O=C(O)CNCCNc1cccc(F)c1', 'COC(=O)c1cccc2sc(Br)nc12'), ('NCCNCC(=O)O', 'Fc1cccc(I)c1')]","['NCCNCC(=O)O', 'Fc1cccc(I)c1', None, None, 'COC(=O)c1cccc2sc(Br)nc12', None]","['generic', 'enamine_bb', 'molport', 'mcule', 'mcule', 'generic', 'molport', 'enamine_bb', 'molport', 'mcule']"
COC(=O)C1=CC=CC2=C1N=C(N3CCN(C4=CC(F)=CC=C4)C(=O)C3)S2,3,"['Amidation', 'N-nucleophilic aromatic substitution', 'Buchwald-Hartwig amination']","[('COC(=O)c1cccc2sc(N(CCNc3cccc(F)c3)CC(=O)O)nc12',), ('O=C(O)CNCCNc1cccc(F)c1', 'COC(=O)c1cccc2sc(Br)nc12'), ('NCCNCC(=O)O', 'Fc1cccc(Br)c1')]","[None, 'NCCNCC(=O)O', 'COC(=O)c1cccc2sc(Br)nc12', 'Fc1cccc(Br)c1', None, None]","['generic', 'enamine_bb', 'molport', 'mcule', 'molport', 'mcule', 'mcule', 'enamine_bb', 'molport', 'generic']"
COC(=O)C1=CC=CC2=C1N=C(N3CCN(C4=CC(F)=CC=C4)C(=O)C3)S2,3,"['Amidation', 'Buchwald-Hartwig amination', 'Buchwald-Hartwig amination']","[('COC(=O)c1cccc2sc(N(CCNc3cccc(F)c3)CC(=O)O)nc12',), ('O=S(=O)(Oc1cccc(F)c1)C(F)(F)F', 'COC(=O)c1cccc2sc(N(CCN)CC(=O)O)nc12'), ('NCCNCC(=O)O', 'COC(=O)c1cccc2sc(Cl)nc12')]","['NCCNCC(=O)O', None, 'COC(=O)c1cccc2sc(Cl)nc12', None, 'O=S(=O)(Oc1cccc(F)c1)C(F)(F)F', None]","['generic', 'enamine_bb', 'molport', 'mcule', 'molport', 'enamine_bb', 'mcule', 'mcule', 'molport']"
COC(=O)C1=CC=CC2=C1N=C(N3CCN(C4=CC(F)=CC=C4)C(=O)C3)S2,3,"['Amidation', 'Buchwald-Hartwig amination', 'Buchwald-Hartwig amination']","[('COC(=O)c1cccc2sc(N(CCNc3cccc(F)c3)CC(=O)O)nc12',), ('Fc1cccc(I)c1', 'COC(=O)c1cccc2sc(N(CCN)CC(=O)O)nc12'), ('NCCNCC(=O)O', 'COC(=O)c1cccc2sc(Br)nc12')]","['Fc1cccc(I)c1', None, 'NCCNCC(=O)O', None, None, 'COC(=O)c1cccc2sc(Br)nc12']","['mcule', 'generic', 'molport', 'enamine_bb', 'generic', 'enamine_bb', 'molport', 'mcule', 'molport', 'mcule']"
COC(=O)C1=CC=CC2=C1N=C(N3CCN(C4=CC(F)=CC=C4)C(=O)C3)S2,3,"['Amidation', 'Buchwald-Hartwig amination', 'Buchwald-Hartwig amination']","[('COC(=O)c1cccc2sc(N(CCNc3cccc(F)c3)CC(=O)O)nc12',), ('O=C(O)CNCCNc1cccc(F)c1', 'COC(=O)c1cccc2sc(Br)nc12'), ('O=S(=O)(Oc1cccc(F)c1)C(F)(F)F', 'NCCNCC(=O)O')]","['NCCNCC(=O)O', None, 'O=S(=O)(Oc1cccc(F)c1)C(F)(F)F', None, 'COC(=O)c1cccc2sc(Br)nc12', None]","['generic', 'enamine_bb', 'molport', 'mcule', 'mcule', 'molport', 'molport', 'mcule']"
COC(=O)C1=CC=CC2=C1N=C(N3CCN(C4=CC(F)=CC=C4)C(=O)C3)S2,3,"['Amidation', 'Buchwald-Hartwig amination', 'Buchwald-Hartwig amination']","[('COC(=O)c1cccc2sc(N(CCNc3cccc(F)c3)CC(=O)O)nc12',), ('Fc1cccc(Br)c1', 'COC(=O)c1cccc2sc(N(CCN)CC(=O)O)nc12'), ('NCCNCC(=O)O', 'COC(=O)c1cccc2sc(Br)nc12')]","['Fc1cccc(Br)c1', 'NCCNCC(=O)O', 'COC(=O)c1cccc2sc(Br)nc12', None, None, None]","['mcule', 'enamine_bb', 'molport', 'generic', 'generic', 'enamine_bb', 'molport', 'mcule', 'molport', 'mcule']"
COC(=O)C1=CC=CC2=C1N=C(N3CCN(C4=CC(F)=CC=C4)C(=O)C3)S2,3,"['Amidation', 'Buchwald-Hartwig amination', 'Buchwald-Hartwig amination']","[('COC(=O)c1cccc2sc(N(CCNc3cccc(F)c3)CC(=O)O)nc12',), ('O=C(O)CNCCNc1cccc(F)c1', 'COC(=O)c1cccc2sc(Br)nc12'), ('NCCNCC(=O)O', 'Fc1cccc(I)c1')]","['NCCNCC(=O)O', 'COC(=O)c1cccc2sc(Br)nc12', None, None, None, 'Fc1cccc(I)c1']","['generic', 'enamine_bb', 'molport', 'mcule', 'molport', 'mcule', 'mcule', 'generic', 'molport', 'enamine_bb']"
COC(=O)C1=CC=CC2=C1N=C(N3CCN(C4=CC(F)=CC=C4)C(=O)C3)S2,3,"['Amidation', 'Buchwald-Hartwig amination', 'Buchwald-Hartwig amination']","[('COC(=O)c1cccc2sc(N(CCNc3cccc(F)c3)CC(=O)O)nc12',), ('Fc1cccc(I)c1', 'COC(=O)c1cccc2sc(N(CCN)CC(=O)O)nc12'), ('NCCNCC(=O)O', 'COC(=O)c1cccc2sc(Cl)nc12')]","[None, None, 'NCCNCC(=O)O', 'COC(=O)c1cccc2sc(Cl)nc12', None, 'Fc1cccc(I)c1']","['generic', 'enamine_bb', 'molport', 'mcule', 'molport', 'enamine_bb', 'mcule', 'mcule', 'generic', 'molport', 'enamine_bb']"
COC(=O)C1=CC=CC2=C1N=C(N3CCN(C4=CC(F)=CC=C4)C(=O)C3)S2,3,"['Amidation', 'Buchwald-Hartwig amination', 'Buchwald-Hartwig amination']","[('COC(=O)c1cccc2sc(N(CCNc3cccc(F)c3)CC(=O)O)nc12',), ('O=C(O)CNCCNc1cccc(F)c1', 'COC(=O)c1cccc2sc(Br)nc12'), ('NCCNCC(=O)O', 'Fc1cccc(Br)c1')]","[None, 'COC(=O)c1cccc2sc(Br)nc12', None, None, 'Fc1cccc(Br)c1', 'NCCNCC(=O)O']","['molport', 'mcule', 'mcule', 'enamine_bb', 'molport', 'generic', 'generic', 'enamine_bb', 'molport', 'mcule']"
COC(=O)C1=CC=CC2=C1N=C(N3CCN(C4=CC(F)=CC=C4)C(=O)C3)S2,3,"['Amidation', 'Buchwald-Hartwig amination', 'Buchwald-Hartwig amination']","[('COC(=O)c1cccc2sc(N(CCNc3cccc(F)c3)CC(=O)O)nc12',), ('Fc1cccc(Br)c1', 'COC(=O)c1cccc2sc(N(CCN)CC(=O)O)nc12'), ('NCCNCC(=O)O', 'COC(=O)c1cccc2sc(Cl)nc12')]","['NCCNCC(=O)O', 'Fc1cccc(Br)c1', None, 'COC(=O)c1cccc2sc(Cl)nc12', None, None]","['generic', 'enamine_bb', 'molport', 'mcule', 'mcule', 'enamine_bb', 'molport', 'generic', 'molport', 'enamine_bb', 'mcule']"
COC(=O)C1=CC=CC2=C1N=C(N3CCN(C4=CC(F)=CC=C4)C(=O)C3)S2,4,"['Amidation', 'N-nucleophilic aromatic substitution', 'N-Boc deprotection', 'Buchwald-Hartwig amination']","[('COC(=O)c1cccc2sc(N(CCNc3cccc(F)c3)CC(=O)O)nc12',), ('O=C(O)CNCCNc1cccc(F)c1', 'COC(=O)c1cccc2sc(Cl)nc12'), ('CC(C)(C)OC(=O)N(CCNc1cccc(F)c1)CC(=O)O',), ('Fc1cccc(I)c1', 'CC(C)(C)OC(=O)N(CCN)CC(=O)O')]","['Fc1cccc(I)c1', None, 'CC(C)(C)OC(=O)N(CCN)CC(=O)O', 'COC(=O)c1cccc2sc(Cl)nc12', None, None, None]","['mcule', 'generic', 'molport', 'enamine_bb', 'enamine_bb', 'molport', 'enamine_bb', 'mcule']"
COC(=O)C1=CC=CC2=C1N=C(N3CCN(C4=CC(F)=CC=C4)C(=O)C3)S2,4,"['Amidation', 'N-nucleophilic aromatic substitution', 'N-Boc deprotection', 'Buchwald-Hartwig amination']","[('COC(=O)c1cccc2sc(N(CCNc3cccc(F)c3)CC(=O)O)nc12',), ('O=C(O)CNCCNc1cccc(F)c1', 'COC(=O)c1cccc2sc(Cl)nc12'), ('CC(C)(C)OC(=O)N(CCNc1cccc(F)c1)CC(=O)O',), ('Fc1cccc(Br)c1', 'CC(C)(C)OC(=O)N(CCN)CC(=O)O')]","['CC(C)(C)OC(=O)N(CCN)CC(=O)O', 'Fc1cccc(Br)c1', None, None, 'COC(=O)c1cccc2sc(Cl)nc12', None, None]","['enamine_bb', 'mcule', 'enamine_bb', 'molport', 'generic', 'molport', 'enamine_bb', 'mcule']"
COC(=O)C1=CC=CC2=C1N=C(N3CCN(C4=CC(F)=CC=C4)C(=O)C3)S2,4,"['Amidation', 'N-nucleophilic aromatic substitution', 'N-Boc deprotection', 'Buchwald-Hartwig amination']","[('COC(=O)c1cccc2sc(N(CCNc3cccc(F)c3)CC(=O)O)nc12',), ('O=C(O)CNCCNc1cccc(F)c1', 'COC(=O)c1cccc2sc(Cl)nc12'), ('CC(C)(C)OC(=O)N(CCNc1cccc(F)c1)CC(=O)O',), ('O=S(=O)(Oc1cccc(F)c1)C(F)(F)F', 'CC(C)(C)OC(=O)N(CCN)CC(=O)O')]","[None, None, None, 'O=S(=O)(Oc1cccc(F)c1)C(F)(F)F', None, 'COC(=O)c1cccc2sc(Cl)nc12', 'CC(C)(C)OC(=O)N(CCN)CC(=O)O']","['mcule', 'molport', 'molport', 'enamine_bb', 'mcule', 'enamine_bb']"
COC(=O)C1=CC=CC2=C1N=C(N3CCN(C4=CC(F)=CC=C4)C(=O)C3)S2,4,"['Amidation', 'Buchwald-Hartwig amination', 'N-Boc deprotection', 'N-nucleophilic aromatic substitution']","[('COC(=O)c1cccc2sc(N(CCNc3cccc(F)c3)CC(=O)O)nc12',), ('O=S(=O)(Oc1cccc(F)c1)C(F)(F)F', 'COC(=O)c1cccc2sc(N(CCN)CC(=O)O)nc12'), ('COC(=O)c1cccc2sc(N(CCNC(=O)OC(C)(C)C)CC(=O)O)nc12',), ('COC(=O)c1cccc2sc(Cl)nc12', 'CC(C)(C)OC(=O)NCCNCC(=O)O')]","['O=S(=O)(Oc1cccc(F)c1)C(F)(F)F', None, None, None, None, 'CC(C)(C)OC(=O)NCCNCC(=O)O', 'COC(=O)c1cccc2sc(Cl)nc12']","['mcule', 'molport', 'molport', 'mcule', 'molport', 'enamine_bb', 'mcule']"
COC(=O)C1=CC=CC2=C1N=C(N3CCN(C4=CC(F)=CC=C4)C(=O)C3)S2,4,"['Amidation', 'Buchwald-Hartwig amination', 'N-Boc deprotection', 'N-nucleophilic aromatic substitution']","[('COC(=O)c1cccc2sc(N(CCNc3cccc(F)c3)CC(=O)O)nc12',), ('O=S(=O)(Oc1cccc(F)c1)C(F)(F)F', 'COC(=O)c1cccc2sc(N(CCN)CC(=O)O)nc12'), ('COC(=O)c1cccc2sc(N(CCNC(=O)OC(C)(C)C)CC(=O)O)nc12',), ('COC(=O)c1cccc2sc(Br)nc12', 'CC(C)(C)OC(=O)NCCNCC(=O)O')]","[None, 'COC(=O)c1cccc2sc(Br)nc12', None, None, None, 'CC(C)(C)OC(=O)NCCNCC(=O)O', 'O=S(=O)(Oc1cccc(F)c1)C(F)(F)F']","['molport', 'mcule', 'molport', 'mcule', 'mcule', 'molport']"
COC(=O)C1=CC=CC2=C1N=C(N3CCN(C4=CC(F)=CC=C4)C(=O)C3)S2,4,"['Amidation', 'Buchwald-Hartwig amination', 'N-Boc deprotection', 'N-nucleophilic aromatic substitution']","[('COC(=O)c1cccc2sc(N(CCNc3cccc(F)c3)CC(=O)O)nc12',), ('Fc1cccc(I)c1', 'COC(=O)c1cccc2sc(N(CCN)CC(=O)O)nc12'), ('COC(=O)c1cccc2sc(N(CCNC(=O)OC(C)(C)C)CC(=O)O)nc12',), ('COC(=O)c1cccc2sc(Cl)nc12', 'CC(C)(C)OC(=O)NCCNCC(=O)O')]","['CC(C)(C)OC(=O)NCCNCC(=O)O', 'COC(=O)c1cccc2sc(Cl)nc12', None, None, 'Fc1cccc(I)c1', None, None]","['molport', 'mcule', 'molport', 'enamine_bb', 'mcule', 'mcule', 'generic', 'molport', 'enamine_bb']"
COC(=O)C1=CC=CC2=C1N=C(N3CCN(C4=CC(F)=CC=C4)C(=O)C3)S2,4,"['Amidation', 'Buchwald-Hartwig amination', 'N-Boc deprotection', 'N-nucleophilic aromatic substitution']","[('COC(=O)c1cccc2sc(N(CCNc3cccc(F)c3)CC(=O)O)nc12',), ('Fc1cccc(I)c1', 'COC(=O)c1cccc2sc(N(CCN)CC(=O)O)nc12'), ('COC(=O)c1cccc2sc(N(CCNC(=O)OC(C)(C)C)CC(=O)O)nc12',), ('COC(=O)c1cccc2sc(Br)nc12', 'CC(C)(C)OC(=O)NCCNCC(=O)O')]","['COC(=O)c1cccc2sc(Br)nc12', 'Fc1cccc(I)c1', None, None, 'CC(C)(C)OC(=O)NCCNCC(=O)O', None, None]","['molport', 'mcule', 'mcule', 'generic', 'molport', 'enamine_bb', 'molport', 'mcule']"
COC(=O)C1=CC=CC2=C1N=C(N3CCN(C4=CC(F)=CC=C4)C(=O)C3)S2,4,"['Amidation', 'N-nucleophilic aromatic substitution', 'N-Boc deprotection', 'Buchwald-Hartwig amination']","[('COC(=O)c1cccc2sc(N(CCNc3cccc(F)c3)CC(=O)O)nc12',), ('O=C(O)CNCCNc1cccc(F)c1', 'COC(=O)c1cccc2sc(Br)nc12'), ('CC(C)(C)OC(=O)N(CCNc1cccc(F)c1)CC(=O)O',), ('Fc1cccc(I)c1', 'CC(C)(C)OC(=O)N(CCN)CC(=O)O')]","[None, None, None, 'COC(=O)c1cccc2sc(Br)nc12', 'CC(C)(C)OC(=O)N(CCN)CC(=O)O', 'Fc1cccc(I)c1', None]","['molport', 'mcule', 'enamine_bb', 'mcule', 'generic', 'molport', 'enamine_bb']"
O=C(N1CCN(CC1)C2C3=CC=CC=C3C4=CC=CC=C24)C5=CC6=CC=CC=C6S5,0,[],[],['O=C(c1cc2ccccc2s1)N1CCN(C2c3ccccc3-c3ccccc32)CC1'],"['molport', 'mcule']"
O=C(N1CCN(CC1)C2C3=CC=CC=C3C4=CC=CC=C24)C5=CC6=CC=CC=C6S5,1,['Amidation'],"[('c1ccc2c(c1)-c1ccccc1C2N1CCNCC1', 'O=C(O)c1cc2ccccc2s1')]","['O=C(O)c1cc2ccccc2s1', 'O=C(c1cc2ccccc2s1)N1CCN(C2c3ccccc3-c3ccccc32)CC1', 'c1ccc2c(c1)-c1ccccc1C2N1CCNCC1']","['mcule', 'molport', 'enamine_bb', 'generic', 'molport', 'mcule', 'enamine_bb', 'molport', 'mcule']"
O=C(N1CCN(CC1)C2C3=CC=CC=C3C4=CC=CC=C24)C5=CC6=CC=CC=C6S5,1,['Reductive amination'],"[('O=C1c2ccccc2-c2ccccc21', 'O=C(c1cc2ccccc2s1)N1CCNCC1')]","['O=C(c1cc2ccccc2s1)N1CCNCC1', 'O=C1c2ccccc2-c2ccccc21', 'O=C(c1cc2ccccc2s1)N1CCN(C2c3ccccc3-c3ccccc32)CC1']","['enamine_bb', 'mcule', 'molport', 'enamine_bb', 'mcule', 'generic', 'molport', 'mcule']"
O=C(N1CCN(CC1)C2C3=CC=CC=C3C4=CC=CC=C24)C5=CC6=CC=CC=C6S5,1,['Amide Schotten-Baumann with amine'],"[('c1ccc2c(c1)-c1ccccc1C2N1CCNCC1', 'O=C(Cl)c1cc2ccccc2s1')]","['c1ccc2c(c1)-c1ccccc1C2N1CCNCC1', 'O=C(c1cc2ccccc2s1)N1CCN(C2c3ccccc3-c3ccccc32)CC1', 'O=C(Cl)c1cc2ccccc2s1']","['enamine_bb', 'molport', 'mcule', 'molport', 'mcule', 'mcule', 'molport']"
O=C(N1CCN(CC1)C2C3=CC=CC=C3C4=CC=CC=C24)C5=CC6=CC=CC=C6S5,5,"['Reductive amination', 'Amidation', 'Reductive amination', 'Reductive amination', 'N-Boc deprotection']","[('O=CCN(CCNC1c2ccccc2-c2ccccc21)C(=O)c1cc2ccccc2s1',), ('O=CCNCCNC1c2ccccc2-c2ccccc21', 'O=C(O)c1cc2ccccc2s1'), ('O=C1c2ccccc2-c2ccccc21', 'NCCNCC=O'), ('NCC=O',), ('CC(C)(C)OC(=O)NCC=O',)]","['CC(C)(C)OC(=O)NCC=O', None, None, 'O=C1c2ccccc2-c2ccccc21', None, 'O=C(c1cc2ccccc2s1)N1CCN(C2c3ccccc3-c3ccccc32)CC1', 'O=C(O)c1cc2ccccc2s1', None]","['mcule', 'molport', 'generic', 'enamine_bb', 'molport', 'enamine_bb', 'mcule', 'generic', 'molport', 'mcule', 'mcule', 'molport', 'enamine_bb', 'generic']"
O=C(N1CCN(CC1)C2C3=CC=CC=C3C4=CC=CC=C24)C5=CC6=CC=CC=C6S5,5,"['Reductive amination', 'Reductive amination', 'Amidation', 'Reductive amination', 'N-Boc deprotection']","[('O=CCN(CCNC1c2ccccc2-c2ccccc21)C(=O)c1cc2ccccc2s1',), ('O=C1c2ccccc2-c2ccccc21', 'NCCN(CC=O)C(=O)c1cc2ccccc2s1'), ('O=C(O)c1cc2ccccc2s1', 'NCCNCC=O'), ('NCC=O',), ('CC(C)(C)OC(=O)NCC=O',)]","[None, None, 'O=C(O)c1cc2ccccc2s1', None, 'CC(C)(C)OC(=O)NCC=O', 'O=C1c2ccccc2-c2ccccc21', 'O=C(c1cc2ccccc2s1)N1CCN(C2c3ccccc3-c3ccccc32)CC1', None]","['mcule', 'molport', 'enamine_bb', 'generic', 'mcule', 'molport', 'generic', 'enamine_bb', 'molport', 'enamine_bb', 'mcule', 'generic', 'molport', 'mcule']"
O=C(N1CCN(CC1)C2C3=CC=CC=C3C4=CC=CC=C24)C5=CC6=CC=CC=C6S5,6,"['Reductive amination', 'Amidation', 'Reductive amination', 'Reductive amination', 'N-Boc deprotection', 'N-Boc deprotection']","[('O=CCN(CCNC1c2ccccc2-c2ccccc21)C(=O)c1cc2ccccc2s1',), ('O=CCNCCNC1c2ccccc2-c2ccccc21', 'O=C(O)c1cc2ccccc2s1'), ('O=CCNC1c2ccccc2-c2ccccc21', 'NCC=O'), ('O=C1c2ccccc2-c2ccccc21', 'NCC=O'), ('CC(C)(C)OC(=O)NCC=O',), ('CC(C)(C)OC(=O)NCC=O',)]","[None, None, None, 'O=C(O)c1cc2ccccc2s1', 'O=C(c1cc2ccccc2s1)N1CCN(C2c3ccccc3-c3ccccc32)CC1', None, 'O=C1c2ccccc2-c2ccccc21', 'CC(C)(C)OC(=O)NCC=O']","['mcule', 'molport', 'enamine_bb', 'generic', 'molport', 'mcule', 'molport', 'enamine_bb', 'mcule', 'generic', 'mcule', 'molport', 'generic', 'enamine_bb']"
