smiles,inchi_key,error_type,error_message,1_r1_smiles,1_reaction,compound_set,hit1,hit2,num_placed,num_successful,route_uuid,template,to_hippo,total_num_products_enumstereo,total_num_unique_products,1_r2_smiles,2_r1_smiles,2_r2_smiles,2_reaction,3_r1_smiles,3_r2_smiles,3_reaction,4_r1_smiles,4_r2_smiles,4_reaction,hit3,5_r1_smiles,5_r2_smiles,5_reaction
CC(=O)Nc1ccc(NCc2c(C)cccc2F)nc1,VZJOPPZUDXGJLP-UHFFFAOYSA-N,ScaffoldPlacementError,Scaffold could not be successfully placed.,,,knitwork_june_2024,A71EV2A-x0365_A_201_1_A71EV2A-x0526+A+147+1,A71EV2A-x0310_A_147_1_A71EV2A-x0526+A+147+1,,,,/opt/xchem-fragalysis-2/kfieseler/EV-A71-2A-syndirella-run-2/fragments/templates/A0310a_apo-desolv.pdb,,,,,,,,,,,,,,,,,
CC(=O)Nc1ccc(NCc2cccc(C(C)C)c2)nc1,YOLKTWJVPVNAFB-UHFFFAOYSA-N,ScaffoldPlacementError,Scaffold could not be successfully placed.,,,knitwork_june_2024,A71EV2A-x0365_A_201_1_A71EV2A-x0526+A+147+1,A71EV2A-x0310_A_147_1_A71EV2A-x0526+A+147+1,,,,/opt/xchem-fragalysis-2/kfieseler/EV-A71-2A-syndirella-run-2/fragments/templates/A0310a_apo-desolv.pdb,,,,,,,,,,,,,,,,,
CC(=O)Nc1ccc(NCc2cccc(C(C)C)c2)nc1,YOLKTWJVPVNAFB-UHFFFAOYSA-N,ScaffoldPlacementError,Scaffold could not be successfully placed.,,,knitwork_june_2024,A71EV2A-x0365_A_201_1_A71EV2A-x0526+A+147+1,A71EV2A-x0310_A_147_1_A71EV2A-x0526+A+147+1,,,,/opt/xchem-fragalysis-2/kfieseler/EV-A71-2A-syndirella-run-2/fragments/templates/A0310a_apo-desolv.pdb,,,,,,,,,,,,,,,,,
CC(=O)Nc1ccc(NCc2cccc(C(C)C)c2)nc1,YOLKTWJVPVNAFB-UHFFFAOYSA-N,ScaffoldPlacementError,Scaffold could not be successfully placed.,,,knitwork_june_2024,A71EV2A-x0365_A_201_1_A71EV2A-x0526+A+147+1,A71EV2A-x0310_A_147_1_A71EV2A-x0526+A+147+1,,,,/opt/xchem-fragalysis-2/kfieseler/EV-A71-2A-syndirella-run-2/fragments/templates/A0310a_apo-desolv.pdb,,,,,,,,,,,,,,,,,
CC(=O)Nc1c(C)cncc1CCS(=O)(=O)NCC1CCCC1,YIKJHUKYLWWLRK-UHFFFAOYSA-N,ScaffoldPlacementError,Scaffold could not be successfully placed.,,,x0487_P2_extension_ryan_mergers_aug_2024,A71EV2A-x0487_A_250_1_A71EV2A-x0526+A+147+1,A71EV2A-x0719_A_301_1_A71EV2A-x0526+A+147+1,,,,/opt/xchem-fragalysis-2/kfieseler/EV-A71-2A-syndirella-run-2/fragments/templates/A0487a_apo-desolv.pdb,,,,,,,,,,,,,,,,,
CC(=O)Nc1ccc(C=O)cc1,SKLUWKYNZNXSLX-UHFFFAOYSA-N,,,Nc1ccc(C=O)cc1,Amidation,covalent_analogues_aug_2024,A71EV2A-x1776_A_201_1_A71EV2A-x0526+A+147+1,,10000.0,9252.0,4igUBQ,/opt/xchem-fragalysis-2/kfieseler/EV-A71-2A-syndirella-run-2/fragments/templates/A1776a_apo-desolv.pdb,/opt/xchem-fragalysis-2/kfieseler/A71EV2A_run5/SKLUWKYNZNXSLX-UHFFFAOYSA-N/SKLUWKYNZNXSLX-UHFFFAOYSA-N_4igUBQ_to_hippo.pkl.gz,13530.0,10230.0,CC(=O)O,,,,,,,,,,,,,
CC(=O)Nc1c(C)cncc1CCS(=O)(=O)CNC1CCCC1,SPDPMZFAIDCEMQ-UHFFFAOYSA-N,ScaffoldPlacementError,Scaffold could not be successfully placed.,,,x0487_P2_extension_ryan_mergers_aug_2024,A71EV2A-x0487_A_250_1_A71EV2A-x0526+A+147+1,A71EV2A-x0719_A_301_1_A71EV2A-x0526+A+147+1,,,,/opt/xchem-fragalysis-2/kfieseler/EV-A71-2A-syndirella-run-2/fragments/templates/A0487a_apo-desolv.pdb,,,,,,,,,,,,,,,,,
NCc1ccc(C(=O)Nc2c[nH]c3ccccc23)cc1,XTQDUNSPBPDCKJ-UHFFFAOYSA-N,,,Nc1c[nH]c2ccccc12,Amidation,knitwork_june_2024,A71EV2A-x0365_A_201_1_A71EV2A-x0526+A+147+1,A71EV2A-x0566_A_147_1_A71EV2A-x0526+A+147+1,10000.0,4800.0,AgmCGs,/opt/xchem-fragalysis-2/kfieseler/EV-A71-2A-syndirella-run-2/fragments/templates/A0310a_apo-desolv.pdb,/opt/xchem-fragalysis-2/kfieseler/A71EV2A_run5/XTQDUNSPBPDCKJ-UHFFFAOYSA-N/XTQDUNSPBPDCKJ-UHFFFAOYSA-N_AgmCGs_to_hippo.pkl.gz,11550.0,10500.0,NCc1ccc(C(=O)O)cc1,,,,,,,,,,,,,
CC(=O)Nc1cnc(NC(C)=O)c(CC(=O)N[C@@H](CNC(=O)CCl)c2ccc3ccccc3c2)c1 |a:17|,VCDNITPVWFDANN-UHFFFAOYSA-N,KeyError,2_rNone_smiles,CC(N)=O,Buchwald-Hartwig_amidation_with_amide-like_nucleophile,x1346_manual_analogues_aug_2024,A71EV2A-x1346_A_250_1_A71EV2A-x0526+A+147+1,,4916.0,2561.0,SZGYV8,/opt/xchem-fragalysis-2/kfieseler/EV-A71-2A-syndirella-run-2/fragments/templates/A1346a_apo-desolv.pdb,,4916.0,1174.0,CC(=O)Nc1ncc(Br)cc1Cl,O=C(O)CCl,NCC(N)c1ccc2ccccc2c1,Amidation,O=C(O)CB(O)O,NC(CNC(=O)CCl)c1ccc2ccccc2c1,Amidation,O=C(CCl)NCC(NC(=O)CB(O)O)c1ccc2ccccc2c1,CC(=O)Nc1cnc(NC(C)=O)c(Cl)c1,Sp3-sp2_Suzuki_coupling,,,,
O=C1CCCN1c1ccc(NCc2ccc(C(F)(F)F)cc2)nc1,AZMOINLCXHZGHV-UHFFFAOYSA-N,ScaffoldPlacementError,Scaffold could not be successfully placed.,,,knitwork_june_2024,A71EV2A-x0365_A_201_1_A71EV2A-x0526+A+147+1,A71EV2A-x0528_A_147_1_A71EV2A-x0526+A+147+1,,,,/opt/xchem-fragalysis-2/kfieseler/EV-A71-2A-syndirella-run-2/fragments/templates/A0310a_apo-desolv.pdb,,,,,,,,,,,,,,,,,
CC(C)(C)C(=O)Nc1ccc(C(=O)NC2(C(F)F)CCC2)cn1,FLWASAJBVPBCFC-UHFFFAOYSA-N,,,NC1(C(F)F)CCC1,Amidation,knitwork_june_2024,A71EV2A-x0556_A_147_1_A71EV2A-x0526+A+147+1,A71EV2A-x0310_A_147_1_A71EV2A-x0526+A+147+1,10000.0,3707.0,f3Zf53,/opt/xchem-fragalysis-2/kfieseler/EV-A71-2A-syndirella-run-2/fragments/templates/A0310a_apo-desolv.pdb,/opt/xchem-fragalysis-2/kfieseler/A71EV2A_run5/FLWASAJBVPBCFC-UHFFFAOYSA-N/FLWASAJBVPBCFC-UHFFFAOYSA-N_f3Zf53_to_hippo.pkl.gz,22940.0,11016.0,CC(C)(C)C(=O)Nc1ccc(C(=O)O)cn1,,,,,,,,,,,,,
CC(=O)N(C)c1ccc(NCc2cccc(C(C)C)c2)cn1,WYGQDRQQQRDYQK-UHFFFAOYSA-N,ScaffoldPlacementError,Scaffold could not be successfully placed.,,,knitwork_june_2024,A71EV2A-x0310_A_147_1_A71EV2A-x0526+A+147+1,A71EV2A-x0365_A_201_1_A71EV2A-x0526+A+147+1,,,,/opt/xchem-fragalysis-2/kfieseler/EV-A71-2A-syndirella-run-2/fragments/templates/A0310a_apo-desolv.pdb,,,,,,,,,,,,,,,,,
Cc1nn(C)c(C)c1CC(=O)NCC(NC(=O)CN)c1ccc2ccccc2c1,SHLNSOIRGLGPSR-UHFFFAOYSA-N,ScaffoldPlacementError,Scaffold could not be successfully placed.,,,x1346_manual_analogues_aug_2024,A71EV2A-x1346_A_250_1_A71EV2A-x0526+A+147+1,,,,,/opt/xchem-fragalysis-2/kfieseler/EV-A71-2A-syndirella-run-2/fragments/templates/A1346a_apo-desolv.pdb,,,,,,,,,,,,,,,,,
NS(=O)(=O)CC1CCCCN1C(=O)NC1(C(F)(F)F)CCC1,CDEQWWZMXKMRIT-UHFFFAOYSA-N,ScaffoldPlacementError,Scaffold could not be successfully placed.,,,knitwork_june_2024,A71EV2A-x0556_A_147_1_A71EV2A-x0526+A+147+1,A71EV2A-x0719_A_301_1_A71EV2A-x0526+A+147+1,,,,/opt/xchem-fragalysis-2/kfieseler/EV-A71-2A-syndirella-run-2/fragments/templates/A0310a_apo-desolv.pdb,,,,,,,,,,,,,,,,,
CC(=O)N(C)c1ccc(NCc2ccccc2C2CC2)cn1 ,HEZJZHLSMMYDJW-UHFFFAOYSA-N,ScaffoldPlacementError,Scaffold could not be successfully placed.,,,knitwork_june_2024,A71EV2A-x0310_A_147_1_A71EV2A-x0526+A+147+1,A71EV2A-x0365_A_201_1_A71EV2A-x0526+A+147+1,,,,/opt/xchem-fragalysis-2/kfieseler/EV-A71-2A-syndirella-run-2/fragments/templates/A0310a_apo-desolv.pdb,,,,,,,,,,,,,,,,,
CC(=O)Nc1cnc(NC(C)=O)c(CC(=O)NCC(NC(=O)CCl)c2ccc3ccccc3c2)c1,UXADFTGYSAHHGI-UHFFFAOYSA-N,KeyError,2_rNone_smiles,CC(N)=O,Buchwald-Hartwig_amidation_with_amide-like_nucleophile,x1346_manual_analogues_aug_2024,A71EV2A-x1346_A_250_1_A71EV2A-x0526+A+147+1,,4872.0,2563.0,G4mKDc,/opt/xchem-fragalysis-2/kfieseler/EV-A71-2A-syndirella-run-2/fragments/templates/A1346a_apo-desolv.pdb,,4872.0,1163.0,CC(=O)Nc1cnc(Cl)c(Br)c1,O=C(O)CB(O)O,NCC(N)c1ccc2ccccc2c1,Amidation,O=C(O)CCl,NC(CNC(=O)CB(O)O)c1ccc2ccccc2c1,Amidation,O=C(CB(O)O)NCC(NC(=O)CCl)c1ccc2ccccc2c1,CC(=O)Nc1cnc(NC(C)=O)c(Br)c1,Sp3-sp2_Suzuki_coupling,,,,
N#CCC(=O)Nc1c(CCS(N)(=O)=O)cnnc1F,MAAPOHOMKSDLKT-UHFFFAOYSA-N,ScaffoldPlacementError,Scaffold could not be successfully placed.,,,x0487_P2_extension_ryan_mergers_aug_2024,A71EV2A-x0487_A_250_1_A71EV2A-x0526+A+147+1,A71EV2A-x0719_A_301_1_A71EV2A-x0526+A+147+1,,,,/opt/xchem-fragalysis-2/kfieseler/EV-A71-2A-syndirella-run-2/fragments/templates/A0487a_apo-desolv.pdb,,,,,,,,,,,,,,A71EV2A-x0310_A_147_1_A71EV2A-x0526+A+147+1,,,
CC(C)(C)OC1CC(NC(=O)N2CCCC2CS(N)(=O)=O)C1,AJDWMOBETOFCCQ-UHFFFAOYSA-N,ScaffoldPlacementError,Scaffold could not be successfully placed.,,,knitwork_june_2024,A71EV2A-x0556_A_147_1_A71EV2A-x0526+A+147+1,A71EV2A-x0719_A_301_1_A71EV2A-x0526+A+147+1,,,,/opt/xchem-fragalysis-2/kfieseler/EV-A71-2A-syndirella-run-2/fragments/templates/A0310a_apo-desolv.pdb,,,,,,,,,,,,,,,,,
CCOc1ccc(C(C)=O)cc1,YJFNFQHMQJCPRG-UHFFFAOYSA-N,,,CCI,Williamson_ether_synthesis,covalent_analogues_aug_2024,A71EV2A-x1775_A_201_1_A71EV2A-x0526+A+147+1,,10000.0,8607.0,vjau45,/opt/xchem-fragalysis-2/kfieseler/EV-A71-2A-syndirella-run-2/fragments/templates/A1775a_apo-desolv.pdb,/opt/xchem-fragalysis-2/kfieseler/A71EV2A_run5/YJFNFQHMQJCPRG-UHFFFAOYSA-N/YJFNFQHMQJCPRG-UHFFFAOYSA-N_vjau45_to_hippo.pkl.gz,15351.0,12051.0,CC(=O)c1ccc(O)cc1,,,,,,,,,,,,,
CC(=O)Nc1nn(C)c(NC(C)=O)c1CC(=O)NCC(NC(=O)CN)c1cccnc1,OGEFHXQNNGIDQK-UHFFFAOYSA-N,KeyError,2_rNone_smiles,CC(N)=O,Buchwald-Hartwig_amidation_with_amide-like_nucleophile,x1346_manual_analogues_aug_2024,A71EV2A-x1346_A_250_1_A71EV2A-x0526+A+147+1,,108.0,80.0,BK4g5K,/opt/xchem-fragalysis-2/kfieseler/EV-A71-2A-syndirella-run-2/fragments/templates/A1346a_apo-desolv.pdb,,108.0,54.0,CC(=O)Nc1c(Br)c(Br)nn1C,O=C(O)CB(O)O,NCC(N)c1cccnc1,Amidation,NCC(=O)O,NC(CNC(=O)CB(O)O)c1cccnc1,Amidation,NCC(=O)NC(CNC(=O)CB(O)O)c1cccnc1,CC(=O)Nc1nn(C)c(NC(C)=O)c1Br,Sp3-sp2_Suzuki_coupling,,,,
CCOC(=O)c1cc(NC(=O)CC#N)n(C)n1,AJVIKZPIPBHAKY-UHFFFAOYSA-N,,,N#CCC(=O)O,Amidation,knitwork_june_2024,A71EV2A-x0556_A_147_1_A71EV2A-x0526+A+147+1,A71EV2A-x0310_A_147_1_A71EV2A-x0526+A+147+1,10000.0,5024.0,3eFNWo,/opt/xchem-fragalysis-2/kfieseler/EV-A71-2A-syndirella-run-2/fragments/templates/A0310a_apo-desolv.pdb,/opt/xchem-fragalysis-2/kfieseler/A71EV2A_run5/AJVIKZPIPBHAKY-UHFFFAOYSA-N/AJVIKZPIPBHAKY-UHFFFAOYSA-N_3eFNWo_to_hippo.pkl.gz,22022.0,10000.0,CCOC(=O)c1cc(N)n(C)n1,,,,,,,,,,,,,
CCOc1ccc(C(=O)CC)cc1,XZJXCESWBMDSBO-UHFFFAOYSA-N,,,CCI,Williamson_ether_synthesis,covalent_analogues_aug_2024,A71EV2A-x1775_A_201_1_A71EV2A-x0526+A+147+1,,10000.0,8143.0,myVBuN,/opt/xchem-fragalysis-2/kfieseler/EV-A71-2A-syndirella-run-2/fragments/templates/A1775a_apo-desolv.pdb,/opt/xchem-fragalysis-2/kfieseler/A71EV2A_run5/XZJXCESWBMDSBO-UHFFFAOYSA-N/XZJXCESWBMDSBO-UHFFFAOYSA-N_myVBuN_to_hippo.pkl.gz,17286.0,12566.0,CCC(=O)c1ccc(O)cc1,,,,,,,,,,,,,
CC(=O)Nc1cc(CC(=O)NCC(NC(=O)CN)c2cccnc2)c(NC(C)=O)nn1,MXPRYVLVNLFFPZ-UHFFFAOYSA-N,SMARTSError,No atoms found involved in reaction Sp3-sp2_Suzuki_coupling in mol O=C(O)CB(O)O and CC(=O)Nc1cc(Br)c(NC(C)=O)nn1,,,x1346_manual_analogues_aug_2024,A71EV2A-x1346_A_250_1_A71EV2A-x0526+A+147+1,,,,,/opt/xchem-fragalysis-2/kfieseler/EV-A71-2A-syndirella-run-2/fragments/templates/A1346a_apo-desolv.pdb,,,,,,,,,,,,,,,,,
O=C1COc2ccc(C(=O)CCl)cc2N1,MIAHXWVABDHISZ-UHFFFAOYSA-N,NoSynthesisRoute,No routes found for O=C1COc2ccc(C(=O)CCl)cc2N1.,,,covalent_analogues_aug_2024,A71EV2A-x1779_A_201_1_A71EV2A-x0526+A+147+1,,,,,/opt/xchem-fragalysis-2/kfieseler/EV-A71-2A-syndirella-run-2/fragments/templates/A1779a_apo-desolv.pdb,,,,,,,,,,,,,,,,,
CC(=O)Nc1cc(CC(=O)N[C@@H](CNC(=O)CCl)c2cccnc2)cnn1 |a:11|,DTXWADQFBJPDFQ-UHFFFAOYSA-N,,,O=C(O)Cc1cnnc(Cl)c1,Buchwald-Hartwig_amidation_with_amide-like_nucleophile,x1346_manual_analogues_aug_2024,A71EV2A-x1346_A_250_1_A71EV2A-x0526+A+147+1,,10000.0,7231.0,oo8x7G,/opt/xchem-fragalysis-2/kfieseler/EV-A71-2A-syndirella-run-2/fragments/templates/A1346a_apo-desolv.pdb,/opt/xchem-fragalysis-2/kfieseler/A71EV2A_run5/DTXWADQFBJPDFQ-UHFFFAOYSA-N/DTXWADQFBJPDFQ-UHFFFAOYSA-N_oo8x7G_to_hippo.pkl.gz,36282.0,8100.0,CC(N)=O,NCC(N)c1cccnc1,CC(=O)Nc1cc(CC(=O)O)cnn1,Amidation,O=C(O)CCl,CC(=O)Nc1cc(CC(=O)NC(CN)c2cccnc2)cnn1,Amidation,,,,,,,
CC(=O)N1CCc2cc(C(=O)CCl)ccc21,CBLHPICDDMRZIW-UHFFFAOYSA-N,,,O=C(CCl)c1ccc2c(c1)CCN2,Amidation,covalent_analogues_aug_2024,A71EV2A-x1778_A_201_1_A71EV2A-x0526+A+147+1,,897.0,878.0,qyzkda,/opt/xchem-fragalysis-2/kfieseler/EV-A71-2A-syndirella-run-2/fragments/templates/A1778a_apo-desolv.pdb,/opt/xchem-fragalysis-2/kfieseler/A71EV2A_run5/CBLHPICDDMRZIW-UHFFFAOYSA-N/CBLHPICDDMRZIW-UHFFFAOYSA-N_qyzkda_to_hippo.pkl.gz,897.0,588.0,CC(=O)O,,,,,,,,,,,,,
CC1(NC(=O)Nc2ccccc2CS(N)(=O)=O)CCC1,QCDPODCBNROZRQ-UHFFFAOYSA-N,,,Nc1ccccc1CS(N)(=O)=O,Formation_of_urea_from_two_amines,knitwork_june_2024,A71EV2A-x0884_A_147_1_A71EV2A-x0526+A+147+1,A71EV2A-x0719_A_301_1_A71EV2A-x0526+A+147+1,10000.0,1921.0,j6uS9m,/opt/xchem-fragalysis-2/kfieseler/EV-A71-2A-syndirella-run-2/fragments/templates/A0310a_apo-desolv.pdb,/opt/xchem-fragalysis-2/kfieseler/A71EV2A_run5/QCDPODCBNROZRQ-UHFFFAOYSA-N/QCDPODCBNROZRQ-UHFFFAOYSA-N_j6uS9m_to_hippo.pkl.gz,18170.0,11342.0,CC1(N)CCC1,,,,,,,,,,,,,
CC(=O)Nc1c(CCS(=O)(=O)Cc2ccccc2)cnnc1C,NHMZCBSXKMEJPX-UHFFFAOYSA-N,ScaffoldPlacementError,Scaffold could not be successfully placed.,,,x0487_P2_extension_ryan_mergers_aug_2024,A71EV2A-x0487_A_250_1_A71EV2A-x0526+A+147+1,A71EV2A-x0719_A_301_1_A71EV2A-x0526+A+147+1,,,,/opt/xchem-fragalysis-2/kfieseler/EV-A71-2A-syndirella-run-2/fragments/templates/A0487a_apo-desolv.pdb,,,,,,,,,,,,,,,,,
CCCC(=O)NC1CCN(C(=O)NC2CC(CC#N)C2)CC1,ADKGLDCQLGUTAN-UHFFFAOYSA-N,,,N#CCC1CC(N)C1,Formation_of_urea_from_two_amines,knitwork_june_2024,A71EV2A-x0556_A_147_1_A71EV2A-x0526+A+147+1,A71EV2A-x0310_A_147_1_A71EV2A-x0526+A+147+1,10000.0,2590.0,vM7Xn4,/opt/xchem-fragalysis-2/kfieseler/EV-A71-2A-syndirella-run-2/fragments/templates/A0310a_apo-desolv.pdb,/opt/xchem-fragalysis-2/kfieseler/A71EV2A_run5/ADKGLDCQLGUTAN-UHFFFAOYSA-N/ADKGLDCQLGUTAN-UHFFFAOYSA-N_vM7Xn4_to_hippo.pkl.gz,75481.0,11700.0,CCCC(=O)NC1CCNCC1,,,,,,,,,,,,,
CC(=O)Nc1c(CC(=O)N[C@@H](CNC(=O)CCl)c2ccc3ccccc3c2)c(C)nn1C |a:10|,SXYLVBRZJXQQRT-UHFFFAOYSA-N,,,O=C(O)CCl,Amidation,x1346_manual_analogues_aug_2024,A71EV2A-x1346_A_250_1_A71EV2A-x0526+A+147+1,,10000.0,6237.0,HWqPYQ,/opt/xchem-fragalysis-2/kfieseler/EV-A71-2A-syndirella-run-2/fragments/templates/A1346a_apo-desolv.pdb,/opt/xchem-fragalysis-2/kfieseler/A71EV2A_run5/SXYLVBRZJXQQRT-UHFFFAOYSA-N/SXYLVBRZJXQQRT-UHFFFAOYSA-N_HWqPYQ_to_hippo.pkl.gz,36120.0,10000.0,NCC(N)c1ccc2ccccc2c1,NC(CNC(=O)CCl)c1ccc2ccccc2c1,Cc1nn(C)c(Cl)c1CC(=O)O,Amidation,Cc1nn(C)c(Cl)c1CC(=O)NC(CNC(=O)CCl)c1ccc2ccccc2c1,CC(N)=O,Buchwald-Hartwig_amidation_with_amide-like_nucleophile,,,,,,,
CCC(C)CC(=O)Nc1ccc(C(=O)N(C)C)cc1,BOAMHCYETLQJMX-UHFFFAOYSA-N,ScaffoldPlacementError,Scaffold could not be successfully placed.,,,knitwork_june_2024,A71EV2A-x0450_A_201_1_A71EV2A-x0526+A+147+1,A71EV2A-x0310_A_147_1_A71EV2A-x0526+A+147+1,,,,/opt/xchem-fragalysis-2/kfieseler/EV-A71-2A-syndirella-run-2/fragments/templates/A0310a_apo-desolv.pdb,,,,,,,,,,,,,,,,,
CC(=O)Nc1nn(C)c(NC(C)=O)c1CC(=O)N[C@@H](CNC(=O)CN)c1cccnc1,XPYBVOSNGYRXIJ-UHFFFAOYSA-N,SMARTSError,The reactants do not match the reaction SMARTS in reaction Ester_amidation in mol NCC(N)c1cccnc1 and CC(C)(C)OC(=O)CB1OC(C)(C)C(C)(C)O1.,,,x1346_manual_analogues_aug_2024,A71EV2A-x1346_A_250_1_A71EV2A-x0526+A+147+1,,,,,/opt/xchem-fragalysis-2/kfieseler/EV-A71-2A-syndirella-run-2/fragments/templates/A1346a_apo-desolv.pdb,,,,,,,,,,,,,,,,,
Cn1cc(C(O)C(=O)Nc2cccc(NC(=O)CC#N)c2)cn1,FNVXGPBMKFGEAW-UHFFFAOYSA-N,,,N#CCC(=O)Nc1cccc(N)c1,Amidation,knitwork_june_2024,A71EV2A-x0732_A_201_1_A71EV2A-x0526+A+147+1,A71EV2A-x0310_A_147_1_A71EV2A-x0526+A+147+1,10000.0,812.0,7iC3Zw,/opt/xchem-fragalysis-2/kfieseler/EV-A71-2A-syndirella-run-2/fragments/templates/A0310a_apo-desolv.pdb,/opt/xchem-fragalysis-2/kfieseler/A71EV2A_run5/FNVXGPBMKFGEAW-UHFFFAOYSA-N/FNVXGPBMKFGEAW-UHFFFAOYSA-N_7iC3Zw_to_hippo.pkl.gz,25324.0,9524.0,Cn1cc(C(O)C(=O)O)cn1,,,,,,,,,,,,,
CC(=O)Nc1ccc(NCc2ccc(C)cc2F)nc1,STENHMKKTIKNSL-UHFFFAOYSA-N,ScaffoldPlacementError,Scaffold could not be successfully placed.,,,knitwork_june_2024,A71EV2A-x0365_A_201_1_A71EV2A-x0526+A+147+1,A71EV2A-x0310_A_147_1_A71EV2A-x0526+A+147+1,,,,/opt/xchem-fragalysis-2/kfieseler/EV-A71-2A-syndirella-run-2/fragments/templates/A0310a_apo-desolv.pdb,,,,,,,,,,,,,,,,,
CC(=O)Nc1ccc(NCc2ccc(C)cc2F)nc1,STENHMKKTIKNSL-UHFFFAOYSA-N,ScaffoldPlacementError,Scaffold could not be successfully placed.,,,knitwork_june_2024,A71EV2A-x0365_A_201_1_A71EV2A-x0526+A+147+1,A71EV2A-x0310_A_147_1_A71EV2A-x0526+A+147+1,,,,/opt/xchem-fragalysis-2/kfieseler/EV-A71-2A-syndirella-run-2/fragments/templates/A0310a_apo-desolv.pdb,,,,,,,,,,,,,,,,,
CC(=O)Nc1ccc(NCc2ccc(C)cc2F)nc1,STENHMKKTIKNSL-UHFFFAOYSA-N,ScaffoldPlacementError,Scaffold could not be successfully placed.,,,knitwork_june_2024,A71EV2A-x0365_A_201_1_A71EV2A-x0526+A+147+1,A71EV2A-x0310_A_147_1_A71EV2A-x0526+A+147+1,,,,/opt/xchem-fragalysis-2/kfieseler/EV-A71-2A-syndirella-run-2/fragments/templates/A0310a_apo-desolv.pdb,,,,,,,,,,,,,,,,,
CC(=O)Nc1cnc(NC(C)=O)c(CC(=O)NCC(NC(=O)CCl)c2cccnc2)c1,RSVKCRFNQMHJGM-UHFFFAOYSA-N,KeyError,2_rNone_smiles,CC(N)=O,Buchwald-Hartwig_amidation_with_amide-like_nucleophile,x1346_manual_analogues_aug_2024,A71EV2A-x1346_A_250_1_A71EV2A-x0526+A+147+1,,10000.0,5789.0,HjXmDq,/opt/xchem-fragalysis-2/kfieseler/EV-A71-2A-syndirella-run-2/fragments/templates/A1346a_apo-desolv.pdb,,16552.0,3775.0,CC(=O)Nc1ncc(Br)cc1Cl,O=C(O)CCl,NCC(N)c1cccnc1,Amidation,O=C(O)CB(O)O,NCC(NC(=O)CCl)c1cccnc1,Amidation,O=C(CB(O)O)NCC(NC(=O)CCl)c1cccnc1,CC(=O)Nc1cnc(NC(C)=O)c(Cl)c1,Sp3-sp2_Suzuki_coupling,,,,
CC(=O)Nc1cnc(NC(C)=O)c(CC(=O)N[C@@H](CNC(=O)CN)c2cccnc2)c1,CBLWINMXWBVKNE-UHFFFAOYSA-N,SMARTSError,The reactants do not match the reaction SMARTS in reaction Ester_amidation in mol NCC(NC(=O)CB(O)O)c1cccnc1 and CC(C)(C)OC(=O)CN.,,,x1346_manual_analogues_aug_2024,A71EV2A-x1346_A_250_1_A71EV2A-x0526+A+147+1,,,,,/opt/xchem-fragalysis-2/kfieseler/EV-A71-2A-syndirella-run-2/fragments/templates/A1346a_apo-desolv.pdb,,,,,,,,,,,,,,,,,
CC(=O)Nc1cnc(NC(C)=O)c(CC(=O)N[C@@H](CNC(=O)CN)c2cccnc2)c1 |a:17|,CBLWINMXWBVKNE-UHFFFAOYSA-N,KeyError,2_rNone_smiles,CC(N)=O,Buchwald-Hartwig_amidation_with_amide-like_nucleophile,x1346_manual_analogues_aug_2024,A71EV2A-x1346_A_250_1_A71EV2A-x0526+A+147+1,,208.0,150.0,TQhguN,/opt/xchem-fragalysis-2/kfieseler/EV-A71-2A-syndirella-run-2/fragments/templates/A1346a_apo-desolv.pdb,,208.0,100.0,CC(=O)Nc1cnc(Cl)c(Cl)c1,O=C(O)CB(O)O,NCC(N)c1cccnc1,Amidation,NCC(NC(=O)CB(O)O)c1cccnc1,NCC(=O)OCc1ccccc1,Ester_amidation,NCC(=O)NCC(NC(=O)CB(O)O)c1cccnc1,CC(=O)Nc1cnc(NC(C)=O)c(Cl)c1,Sp3-sp2_Suzuki_coupling,,,,
CC(=O)Nc1cc(CC(=O)N[C@@H](CNC(=O)CN)c2ccc3ccccc3c2)c(NC(C)=O)nn1,KPERIRNORGNZOK-UHFFFAOYSA-N,SMARTSError,No atoms found involved in reaction Sp3-sp2_Suzuki_coupling in mol O=C(O)CB(O)O and CC(=O)Nc1cc(Br)c(NC(C)=O)nn1,,,x1346_manual_analogues_aug_2024,A71EV2A-x1346_A_250_1_A71EV2A-x0526+A+147+1,,,,,/opt/xchem-fragalysis-2/kfieseler/EV-A71-2A-syndirella-run-2/fragments/templates/A1346a_apo-desolv.pdb,,,,,,,,,,,,,,,,,
N#CCC(=O)Nc1c(F)cncc1CCS(N)(=O)=O,KNJJQPLIBGXAOK-UHFFFAOYSA-N,ScaffoldPlacementError,Scaffold could not be successfully placed.,,,x0487_P2_extension_ryan_mergers_aug_2024,A71EV2A-x0487_A_250_1_A71EV2A-x0526+A+147+1,A71EV2A-x0719_A_301_1_A71EV2A-x0526+A+147+1,,,,/opt/xchem-fragalysis-2/kfieseler/EV-A71-2A-syndirella-run-2/fragments/templates/A0487a_apo-desolv.pdb,,,,,,,,,,,,,,A71EV2A-x0310_A_147_1_A71EV2A-x0526+A+147+1,,,
N#CCC1CC(NC(=O)N2CCCC(CS(N)(=O)=O)C2)C1,PBKZXBCNWICEAZ-UHFFFAOYSA-N,ScaffoldPlacementError,Scaffold could not be successfully placed.,,,knitwork_june_2024,A71EV2A-x0556_A_147_1_A71EV2A-x0526+A+147+1,A71EV2A-x0719_A_301_1_A71EV2A-x0526+A+147+1,,,,/opt/xchem-fragalysis-2/kfieseler/EV-A71-2A-syndirella-run-2/fragments/templates/A0310a_apo-desolv.pdb,,,,,,,,,,,,,,,,,
Cc1ncc(C(=O)N(C)C2CN(C3CCNC3=O)C2)s1,VLACOELDXIUEQB-UHFFFAOYSA-N,ScaffoldPlacementError,Scaffold could not be successfully placed.,,,knitwork_june_2024,A71EV2A-x0446_A_147_1_A71EV2A-x0526+A+147+1,A71EV2A-x0528_A_147_1_A71EV2A-x0526+A+147+1,,,,/opt/xchem-fragalysis-2/kfieseler/EV-A71-2A-syndirella-run-2/fragments/templates/A0310a_apo-desolv.pdb,,,,,,,,,,,,,,,,,
CN1CCC(c2nc(-c3ccncc3)no2)C1=O,XCTXQFYSMNRKHU-UHFFFAOYSA-N,SMARTSError,The reactants do not match the reaction SMARTS in reaction Reductive_amination in mol NCCC(C(=O)O)c1nc(-c2ccncc2)no1 and C=O.,,,knitwork_june_2024,A71EV2A-x0528_A_147_1_A71EV2A-x0526+A+147+1,A71EV2A-x0515_A_201_1_A71EV2A-x0526+A+147+1,,,,/opt/xchem-fragalysis-2/kfieseler/EV-A71-2A-syndirella-run-2/fragments/templates/A0310a_apo-desolv.pdb,,,,,,,,,,,,,,,,,
CSc1cccc(CNc2ccc(N3CCNC(=O)C3)cn2)c1,AKBIFIUVGFTRED-UHFFFAOYSA-N,,,Nc1ccc(N2CCNC(=O)C2)cn1,Reductive_amination,knitwork_june_2024,A71EV2A-x0365_A_201_1_A71EV2A-x0526+A+147+1,A71EV2A-x0528_A_147_1_A71EV2A-x0526+A+147+1,10000.0,4467.0,rQ3EP9,/opt/xchem-fragalysis-2/kfieseler/EV-A71-2A-syndirella-run-2/fragments/templates/A0310a_apo-desolv.pdb,/opt/xchem-fragalysis-2/kfieseler/A71EV2A_run5/AKBIFIUVGFTRED-UHFFFAOYSA-N/AKBIFIUVGFTRED-UHFFFAOYSA-N_rQ3EP9_to_hippo.pkl.gz,38908.0,16600.0,CSc1cccc(C=O)c1,,,,,,,,,,,,,
CC(=O)Nc1cncc(CC(=O)N[C@@H](CNC(=O)CCl)c2ccc3ccccc3c2)c1 |a:13|,OQOLMCJQPJBXLR-UHFFFAOYSA-N,KeyError,3_rNone_smiles,O=C(O)Cc1cncc(Br)c1,Amidation,x1346_manual_analogues_aug_2024,A71EV2A-x1346_A_250_1_A71EV2A-x0526+A+147+1,,384.0,267.0,Fbcmjr,/opt/xchem-fragalysis-2/kfieseler/EV-A71-2A-syndirella-run-2/fragments/templates/A1346a_apo-desolv.pdb,,384.0,85.0,NCC(N)c1ccc2ccccc2c1,NCC(NC(=O)Cc1cncc(Br)c1)c1ccc2ccccc2c1,CC(N)=O,Buchwald-Hartwig_amidation_with_amide-like_nucleophile,O=C(O)CCl,CC(=O)Nc1cncc(CC(=O)NC(CN)c2ccc3ccccc3c2)c1,Amidation,,,,,,,
O=C(Cc1cn[nH]c1CC(=O)N1CCCC(C(F)(F)F)C1)NC1CC1,QGMUJYUUQHRYMH-UHFFFAOYSA-N,SMARTSError,The reactants do not match the reaction SMARTS in reaction Ester_amidation in mol NC1CC1 and CCOC(=O)CB1OC(C)(C)C(C)(C)O1.,,,X0926_and_x1347and_x1019_ryan_mergers_aug_2024,A71EV2A-x0926_A_250_1_A71EV2A-x0526+A+147+1,A71EV2A-x1346_A_250_1_A71EV2A-x0526+A+147+1,,,,/opt/xchem-fragalysis-2/kfieseler/EV-A71-2A-syndirella-run-2/fragments/templates/A0926a_apo-desolv.pdb,,,,,,,,,,,,,,A71EV2A-x1019_A_147_1_A71EV2A-x0526+A+147+1,,,
CC(=O)Nc1c(CCS(=O)(=O)NCC2CCCC2)cnnc1F,IYOGHWZXFXYOQU-UHFFFAOYSA-N,NoSynthesisRoute,No routes found for CC(=O)Nc1c(CCS(=O)(=O)NCC2CCCC2)cnnc1F.,,,x0487_P2_extension_ryan_mergers_aug_2024,A71EV2A-x0487_A_250_1_A71EV2A-x0526+A+147+1,A71EV2A-x0719_A_301_1_A71EV2A-x0526+A+147+1,,,,/opt/xchem-fragalysis-2/kfieseler/EV-A71-2A-syndirella-run-2/fragments/templates/A0487a_apo-desolv.pdb,,,,,,,,,,,,,,,,,
CC(=O)Nc1c(C(C)CS(=O)(=O)Cc2ccccc2)cnnc1C,JLIOJHVBOJMQIF-UHFFFAOYSA-N,NoSynthesisRoute,No routes found for CC(=O)Nc1c(C(C)CS(=O)(=O)Cc2ccccc2)cnnc1C.,,,x0487_P2_extension_ryan_mergers_aug_2024,A71EV2A-x0487_A_250_1_A71EV2A-x0526+A+147+1,A71EV2A-x0719_A_301_1_A71EV2A-x0526+A+147+1,,,,/opt/xchem-fragalysis-2/kfieseler/EV-A71-2A-syndirella-run-2/fragments/templates/A0487a_apo-desolv.pdb,,,,,,,,,,,,,,,,,
CC(=O)Nc1cc(CC(=O)N[C@@H](CNC(=O)CN)c2ccc3ccccc3c2)cnn1,PYVBZLQQVPICOH-UHFFFAOYSA-N,SMARTSError,The reactants do not match the reaction SMARTS in reaction Ester_amidation in mol CC(C)(C)OC(=O)CN and CC(=O)Nc1cc(CC(=O)NC(CN)c2ccc3ccccc3c2)cnn1.,,,x1346_manual_analogues_aug_2024,A71EV2A-x1346_A_250_1_A71EV2A-x0526+A+147+1,,,,,/opt/xchem-fragalysis-2/kfieseler/EV-A71-2A-syndirella-run-2/fragments/templates/A1346a_apo-desolv.pdb,,,,,,,,,,,,,,,,,
CC(=O)Nc1c(C(C)CS(=O)(=O)CNC2CCCC2)cnnc1F,ZZZRMRBVIAKRQS-UHFFFAOYSA-N,ScaffoldPlacementError,Scaffold could not be successfully placed.,,,x0487_P2_extension_ryan_mergers_aug_2024,A71EV2A-x0487_A_250_1_A71EV2A-x0526+A+147+1,A71EV2A-x0719_A_301_1_A71EV2A-x0526+A+147+1,,,,/opt/xchem-fragalysis-2/kfieseler/EV-A71-2A-syndirella-run-2/fragments/templates/A0487a_apo-desolv.pdb,,,,,,,,,,,,,,,,,
CC(=O)Nc1cnc(NC(C)=O)c(CC(=O)NCC(NC(=O)CN)c2cccnc2)c1,MKLPNWCIHVCMSV-UHFFFAOYSA-N,NoSynthesisRoute,No routes found for CC(=O)Nc1cnc(NC(C)=O)c(CC(=O)NCC(NC(=O)CN)c2cccnc2)c1.,,,x1346_manual_analogues_aug_2024,A71EV2A-x1346_A_250_1_A71EV2A-x0526+A+147+1,,,,,/opt/xchem-fragalysis-2/kfieseler/EV-A71-2A-syndirella-run-2/fragments/templates/A1346a_apo-desolv.pdb,,,,,,,,,,,,,,,,,
CC(=O)Nc1c(CC(=O)N[C@@H](CNC(=O)CN)c2cccnc2)c(C)nn1C |a:10|,XIORHBOCOFRYFD-UHFFFAOYSA-N,KeyError,2_rNone_smiles,Cc1nn(C)c(Cl)c1CC(=O)O,Buchwald-Hartwig_amidation_with_amide-like_nucleophile,x1346_manual_analogues_aug_2024,A71EV2A-x1346_A_250_1_A71EV2A-x0526+A+147+1,,10000.0,6707.0,qPaz6n,/opt/xchem-fragalysis-2/kfieseler/EV-A71-2A-syndirella-run-2/fragments/templates/A1346a_apo-desolv.pdb,,38972.0,10194.0,CC(N)=O,NCC(N)c1cccnc1,NCC(=O)O,Amidation,NCC(=O)NCC(N)c1cccnc1,CC(=O)Nc1c(CC(=O)O)c(C)nn1C,Amidation,,,,,,,
CC(=O)Nc1nn(C)c(NC(C)=O)c1CC(=O)NCC(NC(=O)CN)c1ccc2ccccc2c1,MGJPRFDIQKWXDQ-UHFFFAOYSA-N,ScaffoldPlacementError,Scaffold could not be successfully placed.,,,x1346_manual_analogues_aug_2024,A71EV2A-x1346_A_250_1_A71EV2A-x0526+A+147+1,,,,,/opt/xchem-fragalysis-2/kfieseler/EV-A71-2A-syndirella-run-2/fragments/templates/A1346a_apo-desolv.pdb,,,,,,,,,,,,,,,,,
O=C1CCCN1c1ccc(NCc2cccc(F)c2)nc1,LOFPJTBPHYUPTQ-UHFFFAOYSA-N,,,O=Cc1cccc(F)c1,Reductive_amination,knitwork_june_2024,A71EV2A-x0365_A_201_1_A71EV2A-x0526+A+147+1,A71EV2A-x0528_A_147_1_A71EV2A-x0526+A+147+1,10000.0,2088.0,8Y5Tes,/opt/xchem-fragalysis-2/kfieseler/EV-A71-2A-syndirella-run-2/fragments/templates/A0310a_apo-desolv.pdb,/opt/xchem-fragalysis-2/kfieseler/A71EV2A_run5/LOFPJTBPHYUPTQ-UHFFFAOYSA-N/LOFPJTBPHYUPTQ-UHFFFAOYSA-N_8Y5Tes_to_hippo.pkl.gz,30645.0,10700.0,Nc1ccc(N2CCCC2=O)cn1,,,,,,,,,,,,,
O=Cc1ccc2c(c1)NC(=O)CO2,VHKABBARGFUYOF-UHFFFAOYSA-N,ReactionError,No attachment points found for reaction Buchwald-Hartwig_amidation_with_amide-like_nucleophile,,,covalent_analogues_aug_2024,A71EV2A-x1779_A_201_1_A71EV2A-x0526+A+147+1,,,,,/opt/xchem-fragalysis-2/kfieseler/EV-A71-2A-syndirella-run-2/fragments/templates/A1779a_apo-desolv.pdb,,,,,,,,,,,,,,,,,
NC(=O)c1cc(NC(=O)C23CCC(CO2)C3)[nH]n1,IXJHDOWQFHNIPX-UHFFFAOYSA-N,,,O=C(O)C12CCC(CO1)C2,Amidation,knitwork_june_2024,A71EV2A-x0556_A_147_1_A71EV2A-x0526+A+147+1,A71EV2A-x0528_A_147_1_A71EV2A-x0526+A+147+1,10000.0,205.0,QPVYa6,/opt/xchem-fragalysis-2/kfieseler/EV-A71-2A-syndirella-run-2/fragments/templates/A0310a_apo-desolv.pdb,/opt/xchem-fragalysis-2/kfieseler/A71EV2A_run5/IXJHDOWQFHNIPX-UHFFFAOYSA-N/IXJHDOWQFHNIPX-UHFFFAOYSA-N_QPVYa6_to_hippo.pkl.gz,63280.0,11322.0,NC(=O)c1cc(N)[nH]n1,,,,,,,,,,,,,
CC(=O)Nc1ccc(NCc2ccccc2C2CC2)nc1,DJUIWIREQOAEAT-UHFFFAOYSA-N,ScaffoldPlacementError,Scaffold could not be successfully placed.,,,knitwork_june_2024,A71EV2A-x0365_A_201_1_A71EV2A-x0526+A+147+1,A71EV2A-x0310_A_147_1_A71EV2A-x0526+A+147+1,,,,/opt/xchem-fragalysis-2/kfieseler/EV-A71-2A-syndirella-run-2/fragments/templates/A0310a_apo-desolv.pdb,,,,,,,,,,,,,,,,,
CC(=O)Nc1ccc(NCc2ccccc2C2CC2)nc1,DJUIWIREQOAEAT-UHFFFAOYSA-N,ScaffoldPlacementError,Scaffold could not be successfully placed.,,,knitwork_june_2024,A71EV2A-x0365_A_201_1_A71EV2A-x0526+A+147+1,A71EV2A-x0310_A_147_1_A71EV2A-x0526+A+147+1,,,,/opt/xchem-fragalysis-2/kfieseler/EV-A71-2A-syndirella-run-2/fragments/templates/A0310a_apo-desolv.pdb,,,,,,,,,,,,,,,,,
CC(=O)Nc1cc(CC(=O)N[C@@H](CNC(=O)CCl)c2cccnc2)c(NC(C)=O)nn1,RYBPMOJTEQMKKH-UHFFFAOYSA-N,SMARTSError,No atoms found involved in reaction Sp3-sp2_Suzuki_coupling in mol O=C(O)CB(O)O and CC(=O)Nc1cc(Br)c(NC(C)=O)nn1,,,x1346_manual_analogues_aug_2024,A71EV2A-x1346_A_250_1_A71EV2A-x0526+A+147+1,,,,,/opt/xchem-fragalysis-2/kfieseler/EV-A71-2A-syndirella-run-2/fragments/templates/A1346a_apo-desolv.pdb,,,,,,,,,,,,,,,,,
NC(=O)C1CCCN(C(=O)c2cccc(O)c2C(=O)NC2CC2)C1,FLMILONKHOWECW-UHFFFAOYSA-N,,,O=C(O)c1cccc(O)c1C(=O)NC1CC1,Amidation,x0926_going_down_p1_ryan_mergers_aug_2024,A71EV2A-x0926_A_250_1_A71EV2A-x0526+A+147+1,A71EV2A-x1292_A_151_1_A71EV2A-x0526+A+147+1,10000.0,5480.0,wV99qH,/opt/xchem-fragalysis-2/kfieseler/EV-A71-2A-syndirella-run-2/fragments/templates/A0926a_apo-desolv.pdb,/opt/xchem-fragalysis-2/kfieseler/A71EV2A_run5/FLMILONKHOWECW-UHFFFAOYSA-N/FLMILONKHOWECW-UHFFFAOYSA-N_wV99qH_to_hippo.pkl.gz,28494.0,8404.0,NC(=O)C1CCCNC1,,,,,,,,,,,,,
CC(=O)Nc1c(CCS(=O)(=O)Cc2ccccc2)cnnc1F,OIKGITNDONYCGO-UHFFFAOYSA-N,ScaffoldPlacementError,Scaffold could not be successfully placed.,,,x0487_P2_extension_ryan_mergers_aug_2024,A71EV2A-x0487_A_250_1_A71EV2A-x0526+A+147+1,A71EV2A-x0719_A_301_1_A71EV2A-x0526+A+147+1,,,,/opt/xchem-fragalysis-2/kfieseler/EV-A71-2A-syndirella-run-2/fragments/templates/A0487a_apo-desolv.pdb,,,,,,,,,,,,,,,,,
Cn1ccc2ccc(NCc3ccccc3)cc21,UHNZJDZIMIGMKU-UHFFFAOYSA-N,ScaffoldPlacementError,Scaffold could not be successfully placed.,,,knitwork_june_2024,A71EV2A-x0365_A_201_1_A71EV2A-x0526+A+147+1,A71EV2A-x0451_A_201_1_A71EV2A-x0526+A+147+1,,,,/opt/xchem-fragalysis-2/kfieseler/EV-A71-2A-syndirella-run-2/fragments/templates/A0310a_apo-desolv.pdb,,,,,,,,,,,,,,,,,
O=C1NCCN1c1ccc(NCc2cccc(F)c2)cc1,KKHICEOOLIHEJQ-UHFFFAOYSA-N,,,O=C1NCCN1c1ccc(Br)cc1,Buchwald-Hartwig_amination,knitwork_june_2024,A71EV2A-x0365_A_201_1_A71EV2A-x0526+A+147+1,A71EV2A-x0528_A_147_1_A71EV2A-x0526+A+147+1,10000.0,2498.0,unv5LH,/opt/xchem-fragalysis-2/kfieseler/EV-A71-2A-syndirella-run-2/fragments/templates/A0310a_apo-desolv.pdb,/opt/xchem-fragalysis-2/kfieseler/A71EV2A_run5/KKHICEOOLIHEJQ-UHFFFAOYSA-N/KKHICEOOLIHEJQ-UHFFFAOYSA-N_unv5LH_to_hippo.pkl.gz,16470.0,11856.0,NCc1cccc(F)c1,,,,,,,,,,,,,
O=C1NCCC1C(=O)N1CCCC(NCc2ccccc2)C1,HOWRLYKLFLMWBY-UHFFFAOYSA-N,,,c1ccc(CNC2CCCNC2)cc1,Amidation,knitwork_june_2024,A71EV2A-x0365_A_201_1_A71EV2A-x0526+A+147+1,A71EV2A-x0528_A_147_1_A71EV2A-x0526+A+147+1,10000.0,1931.0,HsbZmK,/opt/xchem-fragalysis-2/kfieseler/EV-A71-2A-syndirella-run-2/fragments/templates/A0310a_apo-desolv.pdb,/opt/xchem-fragalysis-2/kfieseler/A71EV2A_run5/HOWRLYKLFLMWBY-UHFFFAOYSA-N/HOWRLYKLFLMWBY-UHFFFAOYSA-N_HsbZmK_to_hippo.pkl.gz,203450.0,16014.0,O=C(O)C1CCNC1=O,,,,,,,,,,,,,
CC(=O)Nc1ccc(NCc2ccccc2C)cn1,JOZAESUJELHHNF-UHFFFAOYSA-N,ScaffoldPlacementError,Scaffold could not be successfully placed.,,,knitwork_june_2024,A71EV2A-x0310_A_147_1_A71EV2A-x0526+A+147+1,A71EV2A-x0365_A_201_1_A71EV2A-x0526+A+147+1,,,,/opt/xchem-fragalysis-2/kfieseler/EV-A71-2A-syndirella-run-2/fragments/templates/A0310a_apo-desolv.pdb,,,,,,,,,,,,,,,,,
CC(=O)Nc1ccc(C(=O)CCl)cc1,VMMDOCYDNRLESP-UHFFFAOYSA-N,,,Nc1ccc(C(=O)CCl)cc1,Amidation,covalent_analogues_aug_2024,A71EV2A-x1776_A_201_1_A71EV2A-x0526+A+147+1,,2691.0,1877.0,nz2knJ,/opt/xchem-fragalysis-2/kfieseler/EV-A71-2A-syndirella-run-2/fragments/templates/A1776a_apo-desolv.pdb,/opt/xchem-fragalysis-2/kfieseler/A71EV2A_run5/VMMDOCYDNRLESP-UHFFFAOYSA-N/VMMDOCYDNRLESP-UHFFFAOYSA-N_nz2knJ_to_hippo.pkl.gz,2691.0,1764.0,CC(=O)O,,,,,,,,,,,,,
NC(=O)C1CCCN(C(=O)c2ccc(Cl)c(C(=O)CN3CCCC3)c2)C1,XFGYJWHIQIBJSY-UHFFFAOYSA-N,ScaffoldPlacementError,Scaffold could not be successfully placed.,,,x0926_merge_into_p1â€™_ryan_mergers_aug_2024,A71EV2A-x0926_A_250_1_A71EV2A-x0526+A+147+1,A71EV2A-x1140_A_147_1_A71EV2A-x0526+A+147+1,,,,/opt/xchem-fragalysis-2/kfieseler/EV-A71-2A-syndirella-run-2/fragments/templates/A0926a_apo-desolv.pdb,,,,,,,,,,,,,,,,,
CCC1CC(NC(=O)c2ccc(NC(=O)C(C)(C)C)nc2)C1,MEWGRUZWHVKYDS-UHFFFAOYSA-N,,,CCC1CC(N)C1,Amidation,knitwork_june_2024,A71EV2A-x0556_A_147_1_A71EV2A-x0526+A+147+1,A71EV2A-x0310_A_147_1_A71EV2A-x0526+A+147+1,10000.0,1934.0,XDiUYi,/opt/xchem-fragalysis-2/kfieseler/EV-A71-2A-syndirella-run-2/fragments/templates/A0310a_apo-desolv.pdb,/opt/xchem-fragalysis-2/kfieseler/A71EV2A_run5/MEWGRUZWHVKYDS-UHFFFAOYSA-N/MEWGRUZWHVKYDS-UHFFFAOYSA-N_XDiUYi_to_hippo.pkl.gz,48360.0,11526.0,CC(C)(C)C(=O)Nc1ccc(C(=O)O)cn1,,,,,,,,,,,,,
CC(=O)Nc1cnc(NC(C)=O)c(CC(=O)N[C@@H](CNC(=O)CN)c2ccc3ccccc3c2)c1 |a:17|,HEFIARXTVOECPK-UHFFFAOYSA-N,,,O=C(O)Cc1cc(Cl)cnc1Br,Buchwald-Hartwig_amidation_with_amide-like_nucleophile,x1346_manual_analogues_aug_2024,A71EV2A-x1346_A_250_1_A71EV2A-x0526+A+147+1,,10000.0,4647.0,HYibbv,/opt/xchem-fragalysis-2/kfieseler/EV-A71-2A-syndirella-run-2/fragments/templates/A1346a_apo-desolv.pdb,/opt/xchem-fragalysis-2/kfieseler/A71EV2A_run5/HEFIARXTVOECPK-UHFFFAOYSA-N/HEFIARXTVOECPK-UHFFFAOYSA-N_HYibbv_to_hippo.pkl.gz,23780.0,9050.0,CC(N)=O,NCC(N)c1ccc2ccccc2c1,CC(=O)Nc1ncc(Cl)cc1CC(=O)O,Amidation,COC(=O)CN,CC(=O)Nc1ncc(Cl)cc1CC(=O)NC(CN)c1ccc2ccccc2c1,Ester_amidation,CC(N)=O,CC(=O)Nc1ncc(Cl)cc1CC(=O)NC(CNC(=O)CN)c1ccc2ccccc2c1,Buchwald-Hartwig_amidation_with_amide-like_nucleophile,,,,
CC(=O)Nc1nn(C)c(NC(C)=O)c1CC(=O)NCC(NC(=O)CCl)c1cccnc1,YUFCPORBLIBJSD-UHFFFAOYSA-N,KeyError,2_rNone_smiles,CC(N)=O,Buchwald-Hartwig_amidation_with_amide-like_nucleophile,x1346_manual_analogues_aug_2024,A71EV2A-x1346_A_250_1_A71EV2A-x0526+A+147+1,,10000.0,6158.0,rfYiLZ,/opt/xchem-fragalysis-2/kfieseler/EV-A71-2A-syndirella-run-2/fragments/templates/A1346a_apo-desolv.pdb,,16372.0,3730.0,CC(=O)Nc1c(Br)c(Br)nn1C,O=C(O)CB(O)O,NCC(N)c1cccnc1,Amidation,ClC[C:1](=[O:2])[OH:3],NC(CNC(=O)CB(O)O)c1cccnc1,Amidation,O=C(CB(O)O)NCC(NC(=O)CCl)c1cccnc1,CC(=O)Nc1nn(C)c(NC(C)=O)c1Br,Sp3-sp2_Suzuki_coupling,,,,
CC(=O)Nc1cc(CC(=O)N[C@@H](CNC(=O)CCl)c2ccc3ccccc3c2)cnn1 |a:11|,SIFNOWIDTARFBR-UHFFFAOYSA-N,,,O=C(O)Cc1cnnc(Cl)c1,Buchwald-Hartwig_amidation_with_amide-like_nucleophile,x1346_manual_analogues_aug_2024,A71EV2A-x1346_A_250_1_A71EV2A-x0526+A+147+1,,10000.0,3974.0,WydykU,/opt/xchem-fragalysis-2/kfieseler/EV-A71-2A-syndirella-run-2/fragments/templates/A1346a_apo-desolv.pdb,/opt/xchem-fragalysis-2/kfieseler/A71EV2A_run5/SIFNOWIDTARFBR-UHFFFAOYSA-N/SIFNOWIDTARFBR-UHFFFAOYSA-N_WydykU_to_hippo.pkl.gz,38838.0,7766.0,CC(N)=O,NCC(N)c1ccc2ccccc2c1,CC(=O)Nc1cc(CC(=O)O)cnn1,Amidation,O=C(O)CCl,CC(=O)Nc1cc(CC(=O)NC(CN)c2ccc3ccccc3c2)cnn1,Amidation,,,,,,,
Cc1nn(C)c(C)c1CC(=O)N[C@@H](CNC(=O)CCl)c1ccc2ccccc2c1 |a:12|,BKBFLODZEQEWBQ-UHFFFAOYSA-N,,,O=C(O)CCl,Amidation,exact_hits_aug_2024,A71EV2A-x1346_A_250_1_A71EV2A-x0526+A+147+1,,382.0,301.0,MKvKtf,/opt/xchem-fragalysis-2/kfieseler/EV-A71-2A-syndirella-run-2/fragments/templates/A1346a_apo-desolv.pdb,/opt/xchem-fragalysis-2/kfieseler/A71EV2A_run5/BKBFLODZEQEWBQ-UHFFFAOYSA-N/BKBFLODZEQEWBQ-UHFFFAOYSA-N_MKvKtf_to_hippo.pkl.gz,382.0,85.0,Cc1nn(C)c(C)c1CC(=O)NC(CN)c1ccc2ccccc2c1,,,,,,,,,,,,,
O=C(NC1CC(C(F)(F)F)C1)c1cc2ccsc2[nH]1,VKQJXGLAYUFNNG-UHFFFAOYSA-N,,,O=C(O)c1cc2ccsc2[nH]1,Amidation,knitwork_june_2024,A71EV2A-x0556_A_147_1_A71EV2A-x0526+A+147+1,A71EV2A-x0566_A_147_1_A71EV2A-x0526+A+147+1,10000.0,9018.0,EnPSFL,/opt/xchem-fragalysis-2/kfieseler/EV-A71-2A-syndirella-run-2/fragments/templates/A0310a_apo-desolv.pdb,/opt/xchem-fragalysis-2/kfieseler/A71EV2A_run5/VKQJXGLAYUFNNG-UHFFFAOYSA-N/VKQJXGLAYUFNNG-UHFFFAOYSA-N_EnPSFL_to_hippo.pkl.gz,21616.0,11660.0,NC1CC(C(F)(F)F)C1,,,,,,,,,,,,,
CC(=O)Nc1nn(C)c(NC(C)=O)c1CC(=O)NCC(NC(=O)CCl)c1ccc2ccccc2c1,TUCPZQSNPSFHQP-UHFFFAOYSA-N,SMARTSError,No atoms found involved in reaction Sp3-sp2_Suzuki_coupling in mol CC1(C)OB(CC(=O)O)OC1(C)C and CC(=O)Nc1nn(C)c(NC(C)=O)c1Br,,,x1346_manual_analogues_aug_2024,A71EV2A-x1346_A_250_1_A71EV2A-x0526+A+147+1,,,,,/opt/xchem-fragalysis-2/kfieseler/EV-A71-2A-syndirella-run-2/fragments/templates/A1346a_apo-desolv.pdb,,,,,,,,,,,,,,,,,
CC(=O)Nc1cc(CC(=O)N[C@@H](CNC(=O)CN)c2cccnc2)cnn1,PIQJRRJAGPEAMR-UHFFFAOYSA-N,SMARTSError,The reactants do not match the reaction SMARTS in reaction Ester_amidation in mol CC(C)(C)OC(=O)CN and CC(=O)Nc1cc(CC(=O)NC(CN)c2cccnc2)cnn1.,,,x1346_manual_analogues_aug_2024,A71EV2A-x1346_A_250_1_A71EV2A-x0526+A+147+1,,,,,/opt/xchem-fragalysis-2/kfieseler/EV-A71-2A-syndirella-run-2/fragments/templates/A1346a_apo-desolv.pdb,,,,,,,,,,,,,,,,,
Cn1nc(C2CCOCC2)cc1C(=O)OCC1CNC(=O)C1,VGTICCPOHXQQKL-UHFFFAOYSA-N,,,O=C1CC(CO)CN1,Steglich_esterification,knitwork_june_2024,A71EV2A-x0365_A_201_1_A71EV2A-x0526+A+147+1,A71EV2A-x0528_A_147_1_A71EV2A-x0526+A+147+1,10000.0,2269.0,4SUGcg,/opt/xchem-fragalysis-2/kfieseler/EV-A71-2A-syndirella-run-2/fragments/templates/A0310a_apo-desolv.pdb,/opt/xchem-fragalysis-2/kfieseler/A71EV2A_run5/VGTICCPOHXQQKL-UHFFFAOYSA-N/VGTICCPOHXQQKL-UHFFFAOYSA-N_4SUGcg_to_hippo.pkl.gz,41404.0,7983.0,Cn1nc(C2CCOCC2)cc1C(=O)O,,,,,,,,,,,,,
CCC(=O)c1ccc2c(c1)NC(=O)CO2,SGXMEUBMGXFRJY-UHFFFAOYSA-N,SMARTSError,Reactant could not be matched to only reactant SMARTS in reaction.,,,covalent_analogues_aug_2024,A71EV2A-x1779_A_201_1_A71EV2A-x0526+A+147+1,,,,,/opt/xchem-fragalysis-2/kfieseler/EV-A71-2A-syndirella-run-2/fragments/templates/A1779a_apo-desolv.pdb,,,,,,,,,,,,,,,,,
NC(=O)C1CCCN(C(=O)Cc2[nH]ncc2CC(=O)NC2CC2)C1,OUZJAERXRYTSSC-UHFFFAOYSA-N,ScaffoldPlacementError,Scaffold could not be successfully placed.,,,X0926_and_x1346_ryan_mergers_aug_2024,A71EV2A-x0926_A_250_1_A71EV2A-x0526+A+147+1,A71EV2A-x1346_A_250_1_A71EV2A-x0526+A+147+1,,,,/opt/xchem-fragalysis-2/kfieseler/EV-A71-2A-syndirella-run-2/fragments/templates/A0926a_apo-desolv.pdb,,,,,,,,,,,,,,,,,
CC(CS(N)(=O)=O)c1cncc(F)c1NC(=O)CC#N,AKFVJEZWTIKHMN-UHFFFAOYSA-N,ScaffoldPlacementError,Scaffold could not be successfully placed.,,,x0487_P2_extension_ryan_mergers_aug_2024,A71EV2A-x0487_A_250_1_A71EV2A-x0526+A+147+1,A71EV2A-x0719_A_301_1_A71EV2A-x0526+A+147+1,,,,/opt/xchem-fragalysis-2/kfieseler/EV-A71-2A-syndirella-run-2/fragments/templates/A0487a_apo-desolv.pdb,,,,,,,,,,,,,,A71EV2A-x0310_A_147_1_A71EV2A-x0526+A+147+1,,,
CC(=O)Nc1ccc(NCc2ccc(F)cc2)nc1,PYJAQWOJPPUYGG-UHFFFAOYSA-N,ScaffoldPlacementError,Scaffold could not be successfully placed.,,,knitwork_june_2024,A71EV2A-x0365_A_201_1_A71EV2A-x0526+A+147+1,A71EV2A-x0310_A_147_1_A71EV2A-x0526+A+147+1,,,,/opt/xchem-fragalysis-2/kfieseler/EV-A71-2A-syndirella-run-2/fragments/templates/A0310a_apo-desolv.pdb,,,,,,,,,,,,,,,,,
CC(=O)Nc1ccc(NCc2ccc(F)cc2)nc1,PYJAQWOJPPUYGG-UHFFFAOYSA-N,ScaffoldPlacementError,Scaffold could not be successfully placed.,,,knitwork_june_2024,A71EV2A-x0365_A_201_1_A71EV2A-x0526+A+147+1,A71EV2A-x0310_A_147_1_A71EV2A-x0526+A+147+1,,,,/opt/xchem-fragalysis-2/kfieseler/EV-A71-2A-syndirella-run-2/fragments/templates/A0310a_apo-desolv.pdb,,,,,,,,,,,,,,,,,
CC(=O)Nc1ccc(NCc2ccc(F)cc2)nc1,PYJAQWOJPPUYGG-UHFFFAOYSA-N,ScaffoldPlacementError,Scaffold could not be successfully placed.,,,knitwork_june_2024,A71EV2A-x0365_A_201_1_A71EV2A-x0526+A+147+1,A71EV2A-x0310_A_147_1_A71EV2A-x0526+A+147+1,,,,/opt/xchem-fragalysis-2/kfieseler/EV-A71-2A-syndirella-run-2/fragments/templates/A0310a_apo-desolv.pdb,,,,,,,,,,,,,,,,,
CC(=O)Nc1nn(C)c(NC(C)=O)c1CC(=O)NCC(NC(=O)CN)c1cccnc1,OGEFHXQNNGIDQK-UHFFFAOYSA-N,NoSynthesisRoute,No routes found for CC(=O)Nc1nn(C)c(NC(C)=O)c1CC(=O)NCC(NC(=O)CN)c1cccnc1.,,,x1346_manual_analogues_aug_2024,A71EV2A-x1346_A_250_1_A71EV2A-x0526+A+147+1,,,,,/opt/xchem-fragalysis-2/kfieseler/EV-A71-2A-syndirella-run-2/fragments/templates/A1346a_apo-desolv.pdb,,,,,,,,,,,,,,,,,
COc1cncc(CCC(=O)NC2CCNC2=O)c1,UMHURAQUKMFEOS-UHFFFAOYSA-N,,,NC1CCNC1=O,Amidation,knitwork_june_2024,A71EV2A-x0515_A_201_1_A71EV2A-x0526+A+147+1,A71EV2A-x0528_A_147_1_A71EV2A-x0526+A+147+1,10000.0,985.0,t59NMD,/opt/xchem-fragalysis-2/kfieseler/EV-A71-2A-syndirella-run-2/fragments/templates/A0310a_apo-desolv.pdb,/opt/xchem-fragalysis-2/kfieseler/A71EV2A_run5/UMHURAQUKMFEOS-UHFFFAOYSA-N/UMHURAQUKMFEOS-UHFFFAOYSA-N_t59NMD_to_hippo.pkl.gz,66462.0,10700.0,COc1cncc(CCC(=O)O)c1,,,,,,,,,,,,,
CCC(=O)c1ccc2c(c1)CCN2C(C)=O,HSHULNOIEDSBFV-UHFFFAOYSA-N,,,CCC(=O)c1ccc2c(c1)CCN2,Amidation,covalent_analogues_aug_2024,A71EV2A-x1778_A_201_1_A71EV2A-x0526+A+147+1,,1628.0,893.0,ygSUAo,/opt/xchem-fragalysis-2/kfieseler/EV-A71-2A-syndirella-run-2/fragments/templates/A1778a_apo-desolv.pdb,/opt/xchem-fragalysis-2/kfieseler/A71EV2A_run5/HSHULNOIEDSBFV-UHFFFAOYSA-N/HSHULNOIEDSBFV-UHFFFAOYSA-N_ygSUAo_to_hippo.pkl.gz,1628.0,1075.0,CC(=O)O,,,,,,,,,,,,,
CC(=O)Nc1cc(CC(=O)N[C@@H](CNC(=O)CN)c2cccnc2)c(NC(C)=O)nn1,LBUZQUWVYQOXCD-UHFFFAOYSA-N,SMARTSError,No atoms found involved in reaction Sp3-sp2_Suzuki_coupling in mol O=C(O)CB(O)O and CC(=O)Nc1cc(Br)c(NC(C)=O)nn1,,,x1346_manual_analogues_aug_2024,A71EV2A-x1346_A_250_1_A71EV2A-x0526+A+147+1,,,,,/opt/xchem-fragalysis-2/kfieseler/EV-A71-2A-syndirella-run-2/fragments/templates/A1346a_apo-desolv.pdb,,,,,,,,,,,,,,,,,
CC(=O)Nc1ccc(NCc2ccccc2F)cn1,YUOBBXFWNXVYIH-UHFFFAOYSA-N,ScaffoldPlacementError,Scaffold could not be successfully placed.,,,knitwork_june_2024,A71EV2A-x0310_A_147_1_A71EV2A-x0526+A+147+1,A71EV2A-x0365_A_201_1_A71EV2A-x0526+A+147+1,,,,/opt/xchem-fragalysis-2/kfieseler/EV-A71-2A-syndirella-run-2/fragments/templates/A0310a_apo-desolv.pdb,,,,,,,,,,,,,,,,,
CC(=O)Nc1cc(CC(=O)NCC(NC(=O)CN)c2ccc3ccccc3c2)c(NC(C)=O)nn1,SEDVFDWHZUODGN-UHFFFAOYSA-N,ScaffoldPlacementError,Scaffold could not be successfully placed.,,,x1346_manual_analogues_aug_2024,A71EV2A-x1346_A_250_1_A71EV2A-x0526+A+147+1,,,,,/opt/xchem-fragalysis-2/kfieseler/EV-A71-2A-syndirella-run-2/fragments/templates/A1346a_apo-desolv.pdb,,,,,,,,,,,,,,,,,
CC(=O)Nc1cc(CC(=O)N[C@@H](CNC(=O)CCl)c2ccc3ccccc3c2)c(NC(C)=O)nn1 |a:11|,UQJYZDUPODIDKG-UHFFFAOYSA-N,KeyError,2_rNone_smiles,CC(N)=O,Buchwald-Hartwig_amidation_with_amide-like_nucleophile,x1346_manual_analogues_aug_2024,A71EV2A-x1346_A_250_1_A71EV2A-x0526+A+147+1,,1156.0,535.0,FPN5MX,/opt/xchem-fragalysis-2/kfieseler/EV-A71-2A-syndirella-run-2/fragments/templates/A1346a_apo-desolv.pdb,,1156.0,395.0,CC(=O)Nc1nnc(Cl)cc1Cl,O=C(O)CB(O)O,NCC(N)c1ccc2ccccc2c1,Amidation,O=C(Cl)CCl,NCC(NC(=O)CB(O)O)c1ccc2ccccc2c1,Amide_Schotten-Baumann_with_amine,O=C(CCl)NCC(NC(=O)CB(O)O)c1ccc2ccccc2c1,CC(=O)Nc1cc(Cl)c(NC(C)=O)nn1,Sp3-sp2_Suzuki_coupling,,,,
CC(=O)Nc1cc(CC(=O)N[C@@H](CNC(=O)CCl)c2ccc3ccccc3c2)c(NC(C)=O)nn1 |a:11|,UQJYZDUPODIDKG-UHFFFAOYSA-N,KeyError,2_rNone_smiles,CC(N)=O,Buchwald-Hartwig_amidation_with_amide-like_nucleophile,x1346_manual_analogues_aug_2024,A71EV2A-x1346_A_250_1_A71EV2A-x0526+A+147+1,,4.0,2.0,dBbWdE,/opt/xchem-fragalysis-2/kfieseler/EV-A71-2A-syndirella-run-2/fragments/templates/A1346a_apo-desolv.pdb,,4.0,2.0,CC(=O)Nc1nnc(Cl)cc1Cl,O=C(O)CB(O)O,NCC(N)c1ccc2ccccc2c1,Amidation,ClC[C:1](=[O:2])[OH:3],NCC(NC(=O)CB(O)O)c1ccc2ccccc2c1,Amidation,O=C(CCl)NCC(NC(=O)CB(O)O)c1ccc2ccccc2c1,CC(=O)Nc1cc(Cl)c(NC(C)=O)nn1,Sp3-sp2_Suzuki_coupling,,,,
CC(=O)Nc1c(CCS(=O)(=O)CNC2CCCC2)cnnc1F,KJFMHANYSPMOLY-UHFFFAOYSA-N,ScaffoldPlacementError,Scaffold could not be successfully placed.,,,x0487_P2_extension_ryan_mergers_aug_2024,A71EV2A-x0487_A_250_1_A71EV2A-x0526+A+147+1,A71EV2A-x0719_A_301_1_A71EV2A-x0526+A+147+1,,,,/opt/xchem-fragalysis-2/kfieseler/EV-A71-2A-syndirella-run-2/fragments/templates/A0487a_apo-desolv.pdb,,,,,,,,,,,,,,,,,
Cn1nc(C2CCCOC2)cc1NC(=O)CC#N,FXRFYQFBDSCVNV-UHFFFAOYSA-N,ScaffoldPlacementError,Scaffold could not be successfully placed.,,,knitwork_june_2024,A71EV2A-x0365_A_201_1_A71EV2A-x0526+A+147+1,A71EV2A-x0310_A_147_1_A71EV2A-x0526+A+147+1,,,,/opt/xchem-fragalysis-2/kfieseler/EV-A71-2A-syndirella-run-2/fragments/templates/A0310a_apo-desolv.pdb,,,,,,,,,,,,,,,,,
Cn1nc(C2CCCOC2)cc1NC(=O)CC#N,FXRFYQFBDSCVNV-UHFFFAOYSA-N,ScaffoldPlacementError,Scaffold could not be successfully placed.,,,knitwork_june_2024,A71EV2A-x0365_A_201_1_A71EV2A-x0526+A+147+1,A71EV2A-x0310_A_147_1_A71EV2A-x0526+A+147+1,,,,/opt/xchem-fragalysis-2/kfieseler/EV-A71-2A-syndirella-run-2/fragments/templates/A0310a_apo-desolv.pdb,,,,,,,,,,,,,,,,,
Cn1nc(C2CCCOC2)cc1NC(=O)CC#N,FXRFYQFBDSCVNV-UHFFFAOYSA-N,ScaffoldPlacementError,Scaffold could not be successfully placed.,,,knitwork_june_2024,A71EV2A-x0365_A_201_1_A71EV2A-x0526+A+147+1,A71EV2A-x0310_A_147_1_A71EV2A-x0526+A+147+1,,,,/opt/xchem-fragalysis-2/kfieseler/EV-A71-2A-syndirella-run-2/fragments/templates/A0310a_apo-desolv.pdb,,,,,,,,,,,,,,,,,
Cc1ccc(CNc2ccc(N3CCNC(=O)C3)cn2)cc1C,AOLHRJZGGWAHNY-UHFFFAOYSA-N,,,Nc1ccc(N2CCNC(=O)C2)cn1,Reductive_amination,knitwork_june_2024,A71EV2A-x0365_A_201_1_A71EV2A-x0526+A+147+1,A71EV2A-x0528_A_147_1_A71EV2A-x0526+A+147+1,10000.0,4293.0,EFxsBA,/opt/xchem-fragalysis-2/kfieseler/EV-A71-2A-syndirella-run-2/fragments/templates/A0310a_apo-desolv.pdb,/opt/xchem-fragalysis-2/kfieseler/A71EV2A_run5/AOLHRJZGGWAHNY-UHFFFAOYSA-N/AOLHRJZGGWAHNY-UHFFFAOYSA-N_EFxsBA_to_hippo.pkl.gz,40612.0,16932.0,Cc1ccc(C=O)cc1C,,,,,,,,,,,,,
CC(=O)Nc1c(C(C)CS(=O)(=O)NCC2CCCC2)cnnc1F,DWYTUPBMKQNMSK-UHFFFAOYSA-N,NoSynthesisRoute,No routes found for CC(=O)Nc1c(C(C)CS(=O)(=O)NCC2CCCC2)cnnc1F.,,,x0487_P2_extension_ryan_mergers_aug_2024,A71EV2A-x0487_A_250_1_A71EV2A-x0526+A+147+1,A71EV2A-x0719_A_301_1_A71EV2A-x0526+A+147+1,,,,/opt/xchem-fragalysis-2/kfieseler/EV-A71-2A-syndirella-run-2/fragments/templates/A0487a_apo-desolv.pdb,,,,,,,,,,,,,,,,,
CC(=O)Nc1cc(CC(=O)NCC(NC(=O)CCl)c2ccc3ccccc3c2)c(NC(C)=O)nn1,JVZXHYPLNFZOGG-UHFFFAOYSA-N,KeyError,2_rNone_smiles,Clc1cc(Br)c(I)nn1,Buchwald-Hartwig_amidation_with_amide-like_nucleophile,x1346_manual_analogues_aug_2024,A71EV2A-x1346_A_250_1_A71EV2A-x0526+A+147+1,,10000.0,2933.0,YzjJNa,/opt/xchem-fragalysis-2/kfieseler/EV-A71-2A-syndirella-run-2/fragments/templates/A1346a_apo-desolv.pdb,,23552.0,6800.0,CC(N)=O,O=C(O)CB(O)O,NCC(N)c1ccc2ccccc2c1,Amidation,NC(CNC(=O)CB(O)O)c1ccc2ccccc2c1,CC(=O)Nc1cc(Br)c(I)nn1,Sp3-sp2_Suzuki_coupling,O=C(O)CCl,CC(=O)Nc1cc(CC(=O)NCC(N)c2ccc3ccccc3c2)c(I)nn1,Amidation,,CC(N)=O,CC(=O)Nc1cc(CC(=O)NCC(NC(=O)CCl)c2ccc3ccccc3c2)c(I)nn1,Buchwald-Hartwig_amidation_with_amide-like_nucleophile
CC(=O)Nc1cnc(NC(C)=O)c(CC(=O)NCC(NC(=O)CN)c2ccc3ccccc3c2)c1,JOAABFJXAAZIHP-UHFFFAOYSA-N,ScaffoldPlacementError,Scaffold could not be successfully placed.,,,x1346_manual_analogues_aug_2024,A71EV2A-x1346_A_250_1_A71EV2A-x0526+A+147+1,,,,,/opt/xchem-fragalysis-2/kfieseler/EV-A71-2A-syndirella-run-2/fragments/templates/A1346a_apo-desolv.pdb,,,,,,,,,,,,,,,,,
CC(=O)Nc1c(F)cncc1CCS(N)(=O)=O,WGWAZNAGHJOVFM-UHFFFAOYSA-N,NoSynthesisRoute,No routes found for CC(=O)Nc1c(F)cncc1CCS(N)(=O)=O.,,,x0487_P2_extension_ryan_mergers_aug_2024,A71EV2A-x0487_A_250_1_A71EV2A-x0526+A+147+1,A71EV2A-x0719_A_301_1_A71EV2A-x0526+A+147+1,,,,/opt/xchem-fragalysis-2/kfieseler/EV-A71-2A-syndirella-run-2/fragments/templates/A0487a_apo-desolv.pdb,,,,,,,,,,,,,,,,,
CC(=O)c1ccc2c(c1)CCN2C(C)=O,DDTZNSOMVMYKHA-UHFFFAOYSA-N,,,CC(=O)c1ccc2c(c1)CCN2,Amidation,covalent_analogues_aug_2024,A71EV2A-x1778_A_201_1_A71EV2A-x0526+A+147+1,,2409.0,1758.0,QfW3qn,/opt/xchem-fragalysis-2/kfieseler/EV-A71-2A-syndirella-run-2/fragments/templates/A1778a_apo-desolv.pdb,/opt/xchem-fragalysis-2/kfieseler/A71EV2A_run5/DDTZNSOMVMYKHA-UHFFFAOYSA-N/DDTZNSOMVMYKHA-UHFFFAOYSA-N_QfW3qn_to_hippo.pkl.gz,2409.0,1602.0,CC(=O)O,,,,,,,,,,,,,
Cc1nn(C)c(C)c1CC(=O)N[C@@H](CNC(=O)CN)c1ccc2ccccc2c1 |a:12|,DQWUNIXDDNPLQU-UHFFFAOYSA-N,,,NCC(=O)O,Amidation,x1346_manual_analogues_aug_2024,A71EV2A-x1346_A_250_1_A71EV2A-x0526+A+147+1,,2356.0,1713.0,MSuopu,/opt/xchem-fragalysis-2/kfieseler/EV-A71-2A-syndirella-run-2/fragments/templates/A1346a_apo-desolv.pdb,/opt/xchem-fragalysis-2/kfieseler/A71EV2A_run5/DQWUNIXDDNPLQU-UHFFFAOYSA-N/DQWUNIXDDNPLQU-UHFFFAOYSA-N_MSuopu_to_hippo.pkl.gz,2356.0,593.0,Cc1nn(C)c(C)c1CC(=O)NC(CN)c1ccc2ccccc2c1,,,,,,,,,,,,,
CC(=O)c1ccc2c(c1)NC(=O)CO2,BKJFWHFUERNXLJ-UHFFFAOYSA-N,ReactionError,No attachment points found for reaction Williamson_ether_synthesis,,,covalent_analogues_aug_2024,A71EV2A-x1779_A_201_1_A71EV2A-x0526+A+147+1,,,,,/opt/xchem-fragalysis-2/kfieseler/EV-A71-2A-syndirella-run-2/fragments/templates/A1779a_apo-desolv.pdb,,,,,,,,,,,,,,,,,
CC(=O)Nc1ccc(C(=O)N(C)C)nc1,ARUJUKWSMBISDK-UHFFFAOYSA-N,ScaffoldPlacementError,Scaffold could not be successfully placed.,,,knitwork_june_2024,A71EV2A-x0310_A_147_1_A71EV2A-x0526+A+147+1,A71EV2A-x0450_A_201_1_A71EV2A-x0526+A+147+1,,,,/opt/xchem-fragalysis-2/kfieseler/EV-A71-2A-syndirella-run-2/fragments/templates/A0310a_apo-desolv.pdb,,,,,,,,,,,,,,,,,
CC(=O)Nc1c(CC(=O)N[C@@H](CNC(=O)CN)c2ccc3ccccc3c2)c(C)nn1C |a:10|,BEZTZAGGDXJGFO-UHFFFAOYSA-N,KeyError,2_rNone_smiles,Cc1nn(C)c(Cl)c1CC(=O)O,Buchwald-Hartwig_amidation_with_amide-like_nucleophile,x1346_manual_analogues_aug_2024,A71EV2A-x1346_A_250_1_A71EV2A-x0526+A+147+1,,10000.0,4139.0,75S9bM,/opt/xchem-fragalysis-2/kfieseler/EV-A71-2A-syndirella-run-2/fragments/templates/A1346a_apo-desolv.pdb,,14124.0,3764.0,CC(N)=O,NCC(N)c1ccc2ccccc2c1,NCC(=O)O,Amidation,NCC(=O)NCC(N)c1ccc2ccccc2c1,CC(=O)Nc1c(CC(=O)O)c(C)nn1C,Amidation,,,,,,,
CC(=O)Nc1ccccc1CCS(N)(=O)=O,RCQABPSABHETPA-UHFFFAOYSA-N,ScaffoldPlacementError,Scaffold could not be successfully placed.,,,x0487_P2_extension_ryan_mergers_aug_2024,A71EV2A-x0487_A_250_1_A71EV2A-x0526+A+147+1,A71EV2A-x0719_A_301_1_A71EV2A-x0526+A+147+1,,,,/opt/xchem-fragalysis-2/kfieseler/EV-A71-2A-syndirella-run-2/fragments/templates/A0487a_apo-desolv.pdb,,,,,,,,,,,,,,,,,
CC(=O)Nc1nn(C)c(NC(C)=O)c1CC(=O)N[C@@H](CNC(=O)CN)c1ccc2ccccc2c1,LYOAGXGPRBSKRC-UHFFFAOYSA-N,SMARTSError,The reactants do not match the reaction SMARTS in reaction Ester_amidation in mol NCC(N)c1ccc2ccccc2c1 and CCOC(=O)CB1OC(C)(C)C(C)(C)O1.,,,x1346_manual_analogues_aug_2024,A71EV2A-x1346_A_250_1_A71EV2A-x0526+A+147+1,,,,,/opt/xchem-fragalysis-2/kfieseler/EV-A71-2A-syndirella-run-2/fragments/templates/A1346a_apo-desolv.pdb,,,,,,,,,,,,,,,,,
O=C1NCCN1c1ccc(NCc2ccc(C(F)(F)F)cc2)cc1,ZGAPODHVEGIIKR-UHFFFAOYSA-N,,,O=C1NCCN1c1ccc(Br)cc1,Buchwald-Hartwig_amination,knitwork_june_2024,A71EV2A-x0365_A_201_1_A71EV2A-x0526+A+147+1,A71EV2A-x0528_A_147_1_A71EV2A-x0526+A+147+1,10000.0,2932.0,zzjTgR,/opt/xchem-fragalysis-2/kfieseler/EV-A71-2A-syndirella-run-2/fragments/templates/A0310a_apo-desolv.pdb,/opt/xchem-fragalysis-2/kfieseler/A71EV2A_run5/ZGAPODHVEGIIKR-UHFFFAOYSA-N/ZGAPODHVEGIIKR-UHFFFAOYSA-N_zzjTgR_to_hippo.pkl.gz,16200.0,11628.0,NCc1ccc(C(F)(F)F)cc1,,,,,,,,,,,,,
CC(=O)Nc1nn(C)c(NC(C)=O)c1CC(=O)N[C@@H](CNC(=O)CCl)c1cccnc1 |a:18|,SGXOWRBLHZCNRN-UHFFFAOYSA-N,,,O=C(O)CB(O)O,Amidation,x1346_manual_analogues_aug_2024,A71EV2A-x1346_A_250_1_A71EV2A-x0526+A+147+1,,10000.0,5602.0,LKajce,/opt/xchem-fragalysis-2/kfieseler/EV-A71-2A-syndirella-run-2/fragments/templates/A1346a_apo-desolv.pdb,/opt/xchem-fragalysis-2/kfieseler/A71EV2A_run5/SGXOWRBLHZCNRN-UHFFFAOYSA-N/SGXOWRBLHZCNRN-UHFFFAOYSA-N_LKajce_to_hippo.pkl.gz,36112.0,11198.0,NCC(N)c1cccnc1,O=C(O)CCl,NCC(NC(=O)CB(O)O)c1cccnc1,Amidation,O=C(CCl)NCC(NC(=O)CB(O)O)c1cccnc1,CC(=O)Nc1c(Br)c(Br)nn1C,Sp3-sp2_Suzuki_coupling,CC(N)=O,CC(=O)Nc1c(CC(=O)NC(CNC(=O)CCl)c2cccnc2)c(Br)nn1C,Buchwald-Hartwig_amidation_with_amide-like_nucleophile,,,,
CC(=O)Nc1cc(CC(=O)NCC(NC(=O)CCl)c2cccnc2)c(NC(C)=O)nn1,RHANAJVRLKPORR-UHFFFAOYSA-N,SMARTSError,No atoms found involved in reaction Sp3-sp2_Suzuki_coupling in mol O=C(O)CB(O)O and CC(=O)Nc1cc(Br)c(NC(C)=O)nn1,,,x1346_manual_analogues_aug_2024,A71EV2A-x1346_A_250_1_A71EV2A-x0526+A+147+1,,,,,/opt/xchem-fragalysis-2/kfieseler/EV-A71-2A-syndirella-run-2/fragments/templates/A1346a_apo-desolv.pdb,,,,,,,,,,,,,,,,,
CC(=O)Nc1ccc(NCc2cc(F)ccc2C)nc1,CVEFMCDJOJXUIK-UHFFFAOYSA-N,ScaffoldPlacementError,Scaffold could not be successfully placed.,,,knitwork_june_2024,A71EV2A-x0365_A_201_1_A71EV2A-x0526+A+147+1,A71EV2A-x0310_A_147_1_A71EV2A-x0526+A+147+1,,,,/opt/xchem-fragalysis-2/kfieseler/EV-A71-2A-syndirella-run-2/fragments/templates/A0310a_apo-desolv.pdb,,,,,,,,,,,,,,,,,
CC(=O)Nc1ccc(NCc2cc(F)ccc2C)nc1,CVEFMCDJOJXUIK-UHFFFAOYSA-N,ScaffoldPlacementError,Scaffold could not be successfully placed.,,,knitwork_june_2024,A71EV2A-x0365_A_201_1_A71EV2A-x0526+A+147+1,A71EV2A-x0310_A_147_1_A71EV2A-x0526+A+147+1,,,,/opt/xchem-fragalysis-2/kfieseler/EV-A71-2A-syndirella-run-2/fragments/templates/A0310a_apo-desolv.pdb,,,,,,,,,,,,,,,,,
CC(=O)Nc1ccc(NCc2cc(F)ccc2C)nc1,CVEFMCDJOJXUIK-UHFFFAOYSA-N,ScaffoldPlacementError,Scaffold could not be successfully placed.,,,knitwork_june_2024,A71EV2A-x0365_A_201_1_A71EV2A-x0526+A+147+1,A71EV2A-x0310_A_147_1_A71EV2A-x0526+A+147+1,,,,/opt/xchem-fragalysis-2/kfieseler/EV-A71-2A-syndirella-run-2/fragments/templates/A0310a_apo-desolv.pdb,,,,,,,,,,,,,,,,,
CC(=O)Nc1cc(CC(=O)NCC(NC(=O)CCl)c2cccnc2)c(NC(C)=O)nn1,RHANAJVRLKPORR-UHFFFAOYSA-N,KeyError,4_rNone_smiles,O=C(O)CCl,Amidation,x1346_manual_analogues_aug_2024,A71EV2A-x1346_A_250_1_A71EV2A-x0526+A+147+1,,2.0,1.0,qknYn3,/opt/xchem-fragalysis-2/kfieseler/EV-A71-2A-syndirella-run-2/fragments/templates/A1346a_apo-desolv.pdb,,2.0,1.0,NCC(N)c1cccnc1,O=C(O)Cc1cc(Cl)nnc1Br,NCC(NC(=O)CCl)c1cccnc1,Amidation,O=C(Cc1cc(Cl)nnc1Br)NCC(NC(=O)CCl)c1cccnc1,CC(N)=O,Buchwald-Hartwig_amidation_with_amide-like_nucleophile,CC(N)=O,CC(=O)Nc1cc(CC(=O)NCC(NC(=O)CCl)c2cccnc2)c(Br)nn1,Buchwald-Hartwig_amidation_with_amide-like_nucleophile,,,,
CC(=O)Nc1nn(C)c(NC(C)=O)c1CC(=O)NCC(NC(=O)CCl)c1cccnc1,YUFCPORBLIBJSD-UHFFFAOYSA-N,SMARTSError,The reactants do not match the reaction SMARTS in reaction Ester_amidation in mol NCC(N)c1cccnc1 and CCOC(=O)CB1OC(C)(C)C(C)(C)O1.,,,x1346_manual_analogues_aug_2024,A71EV2A-x1346_A_250_1_A71EV2A-x0526+A+147+1,,,,,/opt/xchem-fragalysis-2/kfieseler/EV-A71-2A-syndirella-run-2/fragments/templates/A1346a_apo-desolv.pdb,,,,,,,,,,,,,,,,,
CC(=O)Nc1c(CCS(=O)(=O)CC2CCCC2)cnnc1F,YNGHFNAFDPLNPO-UHFFFAOYSA-N,ScaffoldPlacementError,Scaffold could not be successfully placed.,,,x0487_P2_extension_ryan_mergers_aug_2024,A71EV2A-x0487_A_250_1_A71EV2A-x0526+A+147+1,A71EV2A-x0719_A_301_1_A71EV2A-x0526+A+147+1,,,,/opt/xchem-fragalysis-2/kfieseler/EV-A71-2A-syndirella-run-2/fragments/templates/A0487a_apo-desolv.pdb,,,,,,,,,,,,,,,,,
CC(=O)Nc1cnc(NC(C)=O)c(CC(=O)N[C@@H](CNC(=O)CCl)c2cccnc2)c1 |a:17|,CMGPOYUFCPYGSH-UHFFFAOYSA-N,KeyError,2_rNone_smiles,CC(=O)O,Amidation,x1346_manual_analogues_aug_2024,A71EV2A-x1346_A_250_1_A71EV2A-x0526+A+147+1,,10000.0,5804.0,Fbak95,/opt/xchem-fragalysis-2/kfieseler/EV-A71-2A-syndirella-run-2/fragments/templates/A1346a_apo-desolv.pdb,,16552.0,3775.0,CC(=O)Nc1ncc(N)cc1Br,O=C(O)CCl,NCC(N)c1cccnc1,Amidation,O=C(O)CB(O)O,NC(CNC(=O)CCl)c1cccnc1,Amidation,O=C(CCl)NCC(NC(=O)CB(O)O)c1cccnc1,CC(=O)Nc1cnc(NC(C)=O)c(Br)c1,Sp3-sp2_Suzuki_coupling,,,,
CC(=O)Nc1cncc(CC(=O)N[C@@H](CNC(=O)CCl)c2cccnc2)c1 |a:13|,DFKGVRAMBBIYRO-UHFFFAOYSA-N,,,O=C(O)CCl,Amidation,x1346_manual_analogues_aug_2024,A71EV2A-x1346_A_250_1_A71EV2A-x0526+A+147+1,,10000.0,7430.0,LS8RST,/opt/xchem-fragalysis-2/kfieseler/EV-A71-2A-syndirella-run-2/fragments/templates/A1346a_apo-desolv.pdb,/opt/xchem-fragalysis-2/kfieseler/A71EV2A_run5/DFKGVRAMBBIYRO-UHFFFAOYSA-N/DFKGVRAMBBIYRO-UHFFFAOYSA-N_LS8RST_to_hippo.pkl.gz,36816.0,10594.0,NCC(N)c1cccnc1,O=C(O)Cc1cncc(Cl)c1,NC(CNC(=O)CCl)c1cccnc1,Amidation,O=C(CCl)NCC(NC(=O)Cc1cncc(Cl)c1)c1cccnc1,CC(N)=O,Buchwald-Hartwig_amidation_with_amide-like_nucleophile,,,,,,,
C[n+]1ccc(C(=O)N2CCCC(C(N)=O)C2Cl)[nH]1,BTEBCTYBHLEZJH-UHFFFAOYSA-O,NoSynthesisRoute,No routes found for C[n+]1ccc(C(=O)N2CCCC(C(N)=O)C2Cl)[nH]1.,,,X0926_and_x1346_ryan_mergers_aug_2024,A71EV2A-x0926_A_250_1_A71EV2A-x0526+A+147+1,A71EV2A-x1346_A_250_1_A71EV2A-x0526+A+147+1,,,,/opt/xchem-fragalysis-2/kfieseler/EV-A71-2A-syndirella-run-2/fragments/templates/A0926a_apo-desolv.pdb,,,,,,,,,,,,,,,,,
COc1cc(NC(=O)C[C@@H](C)C(F)(F)F)n(C)n1 |a:9|,NZVJBVJDSSUPIL-UHFFFAOYSA-N,,,COc1cc(N)n(C)n1,Amidation,exact_hits_aug_2024,A71EV2A-x1445_B_201_1_A71EV2A-x0526+A+147+1,,925.0,478.0,vFqdYG,/opt/xchem-fragalysis-2/kfieseler/EV-A71-2A-syndirella-run-2/fragments/templates/A1445a_apo-desolv.pdb,/opt/xchem-fragalysis-2/kfieseler/A71EV2A_run5/NZVJBVJDSSUPIL-UHFFFAOYSA-N/NZVJBVJDSSUPIL-UHFFFAOYSA-N_vFqdYG_to_hippo.pkl.gz,925.0,258.0,CC(CC(=O)O)C(F)(F)F,,,,,,,,,,,,,
CC(=O)Nc1cncc(CC(=O)N[C@@H](CNC(=O)CN)c2cccnc2)c1 |a:13|,VNCZFLFCYKVYPW-UHFFFAOYSA-N,KeyError,2_rNone_smiles,O=C(O)Cc1cncc(Cl)c1,Buchwald-Hartwig_amidation_with_amide-like_nucleophile,x1346_manual_analogues_aug_2024,A71EV2A-x1346_A_250_1_A71EV2A-x0526+A+147+1,,10000.0,7125.0,ByUuM4,/opt/xchem-fragalysis-2/kfieseler/EV-A71-2A-syndirella-run-2/fragments/templates/A1346a_apo-desolv.pdb,,38508.0,10194.0,CC(N)=O,NCC(N)c1cccnc1,NCC(=O)O,Amidation,NCC(=O)NCC(N)c1cccnc1,CC(=O)Nc1cncc(CC(=O)O)c1,Amidation,,,,,,,
Cc1ccc(C(=O)Nc2ccc(N3CCNC(=O)C3)nc2)cc1C ,XPPBWHFHQYXQOT-UHFFFAOYSA-N,,,O=C1CN(c2ccc(Br)cn2)CCN1,Buchwald-Hartwig_amidation_with_amide-like_nucleophile,knitwork_june_2024,A71EV2A-x0365_A_201_1_A71EV2A-x0526+A+147+1,A71EV2A-x0528_A_147_1_A71EV2A-x0526+A+147+1,10000.0,3372.0,k74drE,/opt/xchem-fragalysis-2/kfieseler/EV-A71-2A-syndirella-run-2/fragments/templates/A0310a_apo-desolv.pdb,/opt/xchem-fragalysis-2/kfieseler/A71EV2A_run5/XPPBWHFHQYXQOT-UHFFFAOYSA-N/XPPBWHFHQYXQOT-UHFFFAOYSA-N_k74drE_to_hippo.pkl.gz,15800.0,10600.0,Cc1ccc(C(N)=O)cc1C,,,,,,,,,,,,,
CC(=O)Nc1ccc(C(C)=O)cc1,WECHHDJTILFYQT-UHFFFAOYSA-N,,,CC(=O)c1ccc(N)cc1,Amidation,covalent_analogues_aug_2024,A71EV2A-x1776_A_201_1_A71EV2A-x0526+A+147+1,,10000.0,7966.0,zhjW72,/opt/xchem-fragalysis-2/kfieseler/EV-A71-2A-syndirella-run-2/fragments/templates/A1776a_apo-desolv.pdb,/opt/xchem-fragalysis-2/kfieseler/A71EV2A_run5/WECHHDJTILFYQT-UHFFFAOYSA-N/WECHHDJTILFYQT-UHFFFAOYSA-N_zhjW72_to_hippo.pkl.gz,13407.0,9765.0,CC(=O)O,,,,,,,,,,,,,
CCC(=O)c1ccc(NC(C)=O)cc1,JGCDYYAXNUYBHB-UHFFFAOYSA-N,,,CCC(=O)c1ccc(N)cc1,Amidation,covalent_analogues_aug_2024,A71EV2A-x1776_A_201_1_A71EV2A-x0526+A+147+1,,92.0,92.0,Kq3syr,/opt/xchem-fragalysis-2/kfieseler/EV-A71-2A-syndirella-run-2/fragments/templates/A1776a_apo-desolv.pdb,/opt/xchem-fragalysis-2/kfieseler/A71EV2A_run5/JGCDYYAXNUYBHB-UHFFFAOYSA-N/JGCDYYAXNUYBHB-UHFFFAOYSA-N_Kq3syr_to_hippo.pkl.gz,92.0,70.0,CC(=O)O,,,,,,,,,,,,,
CC(=O)Nc1c(F)cncc1C(C)CS(N)(=O)=O,HTUHNYUZKHXZKD-UHFFFAOYSA-N,NoSynthesisRoute,No routes found for CC(=O)Nc1c(F)cncc1C(C)CS(N)(=O)=O.,,,x0487_P2_extension_ryan_mergers_aug_2024,A71EV2A-x0487_A_250_1_A71EV2A-x0526+A+147+1,A71EV2A-x0719_A_301_1_A71EV2A-x0526+A+147+1,,,,/opt/xchem-fragalysis-2/kfieseler/EV-A71-2A-syndirella-run-2/fragments/templates/A0487a_apo-desolv.pdb,,,,,,,,,,,,,,,,,
CC(=O)Nc1nn(C)c(NC(C)=O)c1CC(=O)NCC(NC(=O)CCl)c1cccnc1,YUFCPORBLIBJSD-UHFFFAOYSA-N,KeyError,2_rNone_smiles,CC(N)=O,Buchwald-Hartwig_amidation_with_amide-like_nucleophile,x1346_manual_analogues_aug_2024,A71EV2A-x1346_A_250_1_A71EV2A-x0526+A+147+1,,3364.0,2181.0,TAkgZ5,/opt/xchem-fragalysis-2/kfieseler/EV-A71-2A-syndirella-run-2/fragments/templates/A1346a_apo-desolv.pdb,,3364.0,1130.0,CC(=O)Nc1c(Br)c(Br)nn1C,O=C(O)CB(O)O,NCC(N)c1cccnc1,Amidation,O=C(Cl)CCl,NC(CNC(=O)CB(O)O)c1cccnc1,Amide_Schotten-Baumann_with_amine,O=C(CB(O)O)NCC(NC(=O)CCl)c1cccnc1,CC(=O)Nc1nn(C)c(NC(C)=O)c1Br,Sp3-sp2_Suzuki_coupling,,,,
CC(=O)Nc1c(CC(=O)N[C@@H](CNC(=O)CCl)c2cccnc2)c(C)nn1C |a:10|,UTFHQGDFQLQWDL-UHFFFAOYSA-N,,,O=C(O)CCl,Amidation,x1346_manual_analogues_aug_2024,A71EV2A-x1346_A_250_1_A71EV2A-x0526+A+147+1,,10000.0,6140.0,sRtMgv,/opt/xchem-fragalysis-2/kfieseler/EV-A71-2A-syndirella-run-2/fragments/templates/A1346a_apo-desolv.pdb,/opt/xchem-fragalysis-2/kfieseler/A71EV2A_run5/UTFHQGDFQLQWDL-UHFFFAOYSA-N/UTFHQGDFQLQWDL-UHFFFAOYSA-N_sRtMgv_to_hippo.pkl.gz,16552.0,3775.0,NCC(N)c1cccnc1,O=C(O)CB(O)O,NC(CNC(=O)CCl)c1cccnc1,Amidation,O=C(CCl)NCC(NC(=O)CB(O)O)c1cccnc1,CC(=O)Nc1c(Br)c(C)nn1C,Sp3-sp2_Suzuki_coupling,,,,,,,
Cc1cncc(C(C)CS(N)(=O)=O)c1NC(=O)CC#N,QCEYPWDABLHUFH-UHFFFAOYSA-N,ScaffoldPlacementError,Scaffold could not be successfully placed.,,,x0487_P2_extension_ryan_mergers_aug_2024,A71EV2A-x0487_A_250_1_A71EV2A-x0526+A+147+1,A71EV2A-x0719_A_301_1_A71EV2A-x0526+A+147+1,,,,/opt/xchem-fragalysis-2/kfieseler/EV-A71-2A-syndirella-run-2/fragments/templates/A0487a_apo-desolv.pdb,,,,,,,,,,,,,,A71EV2A-x0310_A_147_1_A71EV2A-x0526+A+147+1,,,
O=C(OCC1CCCNC1=O)c1ccncc1F,NKHJVGNWKQVXFO-UHFFFAOYSA-N,,,O=C1NCCCC1CO,Steglich_esterification,knitwork_june_2024,A71EV2A-x0515_A_201_1_A71EV2A-x0526+A+147+1,A71EV2A-x0528_A_147_1_A71EV2A-x0526+A+147+1,10000.0,2284.0,R2kjXD,/opt/xchem-fragalysis-2/kfieseler/EV-A71-2A-syndirella-run-2/fragments/templates/A0310a_apo-desolv.pdb,/opt/xchem-fragalysis-2/kfieseler/A71EV2A_run5/NKHJVGNWKQVXFO-UHFFFAOYSA-N/NKHJVGNWKQVXFO-UHFFFAOYSA-N_R2kjXD_to_hippo.pkl.gz,39800.0,10800.0,O=C(O)c1ccncc1F,,,,,,,,,,,,,
CC(=O)Nc1nn(C)c(NC(C)=O)c1CC(=O)N[C@@H](CNC(=O)CCl)c1ccc2ccccc2c1,NABKQIYAVLWRCF-UHFFFAOYSA-N,SMARTSError,The reactants do not match the reaction SMARTS in reaction Ester_amidation in mol NCC(N)c1ccc2ccccc2c1 and CCOC(=O)CB1OC(C)(C)C(C)(C)O1.,,,x1346_manual_analogues_aug_2024,A71EV2A-x1346_A_250_1_A71EV2A-x0526+A+147+1,,,,,/opt/xchem-fragalysis-2/kfieseler/EV-A71-2A-syndirella-run-2/fragments/templates/A1346a_apo-desolv.pdb,,,,,,,,,,,,,,,,,
CC(=O)Nc1nn(C)c(NC(C)=O)c1CC(=O)N[C@@H](CNC(=O)CCl)c1ccc2ccccc2c1,NABKQIYAVLWRCF-UHFFFAOYSA-N,SMARTSError,The reactants do not match the reaction SMARTS in reaction Amidation in mol NCC(N)c1ccc2ccccc2c1 and CC1(C)OB(CC(=O)O)OC1(C)C.,,,x1346_manual_analogues_aug_2024,A71EV2A-x1346_A_250_1_A71EV2A-x0526+A+147+1,,,,,/opt/xchem-fragalysis-2/kfieseler/EV-A71-2A-syndirella-run-2/fragments/templates/A1346a_apo-desolv.pdb,,,,,,,,,,,,,,,,,
CCOc1ccc(C(=O)CCl)cc1,ZYLJLWLQPBRDLN-UHFFFAOYSA-N,,,O=C(CCl)c1ccc(O)cc1,Williamson_ether_synthesis,covalent_analogues_aug_2024,A71EV2A-x1775_A_201_1_A71EV2A-x0526+A+147+1,,3612.0,2331.0,nDGoz6,/opt/xchem-fragalysis-2/kfieseler/EV-A71-2A-syndirella-run-2/fragments/templates/A1775a_apo-desolv.pdb,/opt/xchem-fragalysis-2/kfieseler/A71EV2A_run5/ZYLJLWLQPBRDLN-UHFFFAOYSA-N/ZYLJLWLQPBRDLN-UHFFFAOYSA-N_nDGoz6_to_hippo.pkl.gz,3612.0,2781.0,CCI,,,,,,,,,,,,,
CC(=O)Nc1cncc(CC(=O)N[C@@H](CNC(=O)CN)c2ccc3ccccc3c2)c1 |a:13|,SRKRLPVCPSZUQN-UHFFFAOYSA-N,KeyError,2_rNone_smiles,O=C(O)Cc1cncc(Br)c1,Buchwald-Hartwig_amidation_with_amide-like_nucleophile,x1346_manual_analogues_aug_2024,A71EV2A-x1346_A_250_1_A71EV2A-x0526+A+147+1,,10000.0,5611.0,zpiGst,/opt/xchem-fragalysis-2/kfieseler/EV-A71-2A-syndirella-run-2/fragments/templates/A1346a_apo-desolv.pdb,,14124.0,3764.0,CC(N)=O,NCC(N)c1ccc2ccccc2c1,NCC(=O)O,Amidation,NCC(=O)NCC(N)c1ccc2ccccc2c1,CC(=O)Nc1cncc(CC(=O)O)c1,Amidation,,,,,,,
CC(=O)N1CCc2cc(C=O)ccc21,XFHXIXRTXWMWFG-UHFFFAOYSA-N,,,O=Cc1ccc2c(c1)CCN2,Amidation,covalent_analogues_aug_2024,A71EV2A-x1778_A_201_1_A71EV2A-x0526+A+147+1,,4182.0,3746.0,Wg2Peg,/opt/xchem-fragalysis-2/kfieseler/EV-A71-2A-syndirella-run-2/fragments/templates/A1778a_apo-desolv.pdb,/opt/xchem-fragalysis-2/kfieseler/A71EV2A_run5/XFHXIXRTXWMWFG-UHFFFAOYSA-N/XFHXIXRTXWMWFG-UHFFFAOYSA-N_Wg2Peg_to_hippo.pkl.gz,4182.0,2697.0,CC(=O)O,,,,,,,,,,,,,
N#CCC(=O)Nc1ccc(C(N)=O)nc1,YOZGXEFFSUYIHZ-UHFFFAOYSA-N,,,NC(=O)c1ccc(N)cn1,Amidation,knitwork_june_2024,A71EV2A-x0310_A_147_1_A71EV2A-x0526+A+147+1,A71EV2A-x0556_A_147_1_A71EV2A-x0526+A+147+1,10000.0,3379.0,454AUE,/opt/xchem-fragalysis-2/kfieseler/EV-A71-2A-syndirella-run-2/fragments/templates/A0310a_apo-desolv.pdb,/opt/xchem-fragalysis-2/kfieseler/A71EV2A_run5/YOZGXEFFSUYIHZ-UHFFFAOYSA-N/YOZGXEFFSUYIHZ-UHFFFAOYSA-N_454AUE_to_hippo.pkl.gz,22568.0,12300.0,N#CCC(=O)O,,,,,,,,,,,,,
COCC(=O)N1CCC[C@H](C(N)=O)C1 |a:9|,VINVRWFILPAKSR-UHFFFAOYSA-N,,,NC(=O)C1CCCNC1,Amidation,exact_hits_aug_2024,A71EV2A-x0926_A_250_1_A71EV2A-x0526+A+147+1,,10000.0,8280.0,wvK9xA,/opt/xchem-fragalysis-2/kfieseler/EV-A71-2A-syndirella-run-2/fragments/templates/A0926a_apo-desolv.pdb,/opt/xchem-fragalysis-2/kfieseler/A71EV2A_run5/VINVRWFILPAKSR-UHFFFAOYSA-N/VINVRWFILPAKSR-UHFFFAOYSA-N_wvK9xA_to_hippo.pkl.gz,41402.0,10200.0,COCC(=O)O,,,,,,,,,,,,,
CCOc1ccc(C=O)cc1,JRHHJNMASOIRDS-UHFFFAOYSA-N,,,O=Cc1ccc(O)cc1,Williamson_ether_synthesis,covalent_analogues_aug_2024,A71EV2A-x1775_A_201_1_A71EV2A-x0526+A+147+1,,10000.0,9092.0,kKBGks,/opt/xchem-fragalysis-2/kfieseler/EV-A71-2A-syndirella-run-2/fragments/templates/A1775a_apo-desolv.pdb,/opt/xchem-fragalysis-2/kfieseler/A71EV2A_run5/JRHHJNMASOIRDS-UHFFFAOYSA-N/JRHHJNMASOIRDS-UHFFFAOYSA-N_kKBGks_to_hippo.pkl.gz,16385.0,12204.0,CCBr,,,,,,,,,,,,,
CN(C)C(=O)c1ccc(NC(=O)CC(C)(C)C(F)(F)F)c(F)c1,ILHKCRSAMLMADP-UHFFFAOYSA-N,ScaffoldPlacementError,Scaffold could not be successfully placed.,,,knitwork_june_2024,A71EV2A-x0450_A_201_1_A71EV2A-x0526+A+147+1,A71EV2A-x0310_A_147_1_A71EV2A-x0526+A+147+1,,,,/opt/xchem-fragalysis-2/kfieseler/EV-A71-2A-syndirella-run-2/fragments/templates/A0310a_apo-desolv.pdb,,,,,,,,,,,,,,,,,
COc1cccc(CNc2ccc(NC(C)=O)cn2)c1,BRGVKEGCIHEPPP-UHFFFAOYSA-N,ScaffoldPlacementError,Scaffold could not be successfully placed.,,,knitwork_june_2024,A71EV2A-x0365_A_201_1_A71EV2A-x0526+A+147+1,A71EV2A-x0310_A_147_1_A71EV2A-x0526+A+147+1,,,,/opt/xchem-fragalysis-2/kfieseler/EV-A71-2A-syndirella-run-2/fragments/templates/A0310a_apo-desolv.pdb,,,,,,,,,,,,,,,,,
COc1cccc(CNc2ccc(NC(C)=O)cn2)c1,BRGVKEGCIHEPPP-UHFFFAOYSA-N,ScaffoldPlacementError,Scaffold could not be successfully placed.,,,knitwork_june_2024,A71EV2A-x0365_A_201_1_A71EV2A-x0526+A+147+1,A71EV2A-x0310_A_147_1_A71EV2A-x0526+A+147+1,,,,/opt/xchem-fragalysis-2/kfieseler/EV-A71-2A-syndirella-run-2/fragments/templates/A0310a_apo-desolv.pdb,,,,,,,,,,,,,,,,,
COc1cccc(CNc2ccc(NC(C)=O)cn2)c1,BRGVKEGCIHEPPP-UHFFFAOYSA-N,ScaffoldPlacementError,Scaffold could not be successfully placed.,,,knitwork_june_2024,A71EV2A-x0365_A_201_1_A71EV2A-x0526+A+147+1,A71EV2A-x0310_A_147_1_A71EV2A-x0526+A+147+1,,,,/opt/xchem-fragalysis-2/kfieseler/EV-A71-2A-syndirella-run-2/fragments/templates/A0310a_apo-desolv.pdb,,,,,,,,,,,,,,,,,
